Country,Sex Ratio,GDP per Capita,Unique Top Artists
Argentina,"[0.8360655737704918, 0.14754098360655737, 0.0, 0.01639344262295082]",26506,"{'DJ Tao', 'Alejo Isakk', 'Nysix Music', 'El negro tecla', 'Los Palmeras', 'Emanero', 'Myke Towers', 'Jere Klein', ""Hernan y La Champion's Liga"", 'Locura Mix', 'DobleP', 'Nicki Nicole', 'Alan Gomez', 'Bad Bunny', 'Feid', 'Duki', 'LIT killah', 'Maria Becerra', 'The La Planta', 'Rusherking', 'Emilia', 'Darell', 'Enrique Iglesias', 'Grupo Frontera', 'iñigo quintero', 'Tiago PZK', 'Gusty dj', 'Sayian Jimmy', 'Gittobeatz', 'YSY A', 'Mesita', ""La K'onga"", 'FMK', 'Quevedo', 'Marka Akme', 'Milo j', 'Migrantes', 'TINI', 'Bizarrap', 'Peipper', 'Ke Personajes', 'Ulises Bueno', 'Callejero Fino', 'Onda Sabanera', 'Tokischa', 'Abel Pintos', 'Peso Pluma', 'Jhayco', 'Bhavi', 'BM', 'Big One', 'Luck Ra', 'Bad Gyal', 'LUDMILLA', 'Lauty Gram', 'Young Miko', 'Taiu', 'Zecca', 'KAROL G', 'Los Ángeles Azules', 'Damas Gratis'}"
Australia,"[0.5625, 0.3958333333333333, 0.0, 0.041666666666666664]",64675,"{'Olivia Rodrigo', 'Noah Kahan', 'Jung Kook', 'Post Malone', 'Latto', 'Madonna', 'RAYE', 'SZA', 'Dave', 'Vance Joy', 'Nicki Minaj', 'Kenya Grace', 'Gunna', 'Playboi Carti', 'Harry Styles', 'OneRepublic', 'Miley Cyrus', 'The Killers', 'Lord Huron', 'Sexyy Red', 'Frank Ocean', 'Tate McRae', 'Tyla', 'D-Block Europe', 'Drake', 'The Weeknd', 'Dua Lipa', 'David Kushner', 'Central Cee', 'Selena Gomez', 'Aqua', 'Fleetwood Mac', 'Morgan Wallen', 'Troye Sivan', 'Mitski', 'J. Cole', 'Rema', 'Ice Spice', 'Luke Combs', 'Paul Russell', 'Kacey Musgraves', 'Doja Cat', 'The Goo Goo Dolls', 'Billie Eilish', 'cassö', 'Taylor Swift', 'Zach Bryan', 'The Beatles'}"
Austria,"[0.7671232876712328, 0.2054794520547945, 0.0273972602739726, 0.0]",69069,"{'Olivia Rodrigo', 'Jung Kook', 'The Neighbourhood', 'Wham!', 'Ellice', 'Latto', 'Peter Plate', 'RAYE', 'BENNETT', 'Old Jim', 'erobé', 'Lyfrix', 'Sia', 'Dave', 'Macklemore', 'Octavian', 'Niclov', 'Pashanim', 'Kenya Grace', 'badchieff', 'Joker Bra', 'Amaru', 'Bonez MC', 'SIRA', 'Taylor Swift', 'Bausa', 'Ulf Leo Sommer', 'Mariah Carey', 'Monk', 'BHZ', 'KXXMA', 'FiNCH', 'Lord Huron', 'Milano', 'Capital Bra', 'Ryan Lewis', 'RAF Camora', 'iñigo quintero', 'Udo Lindenberg', 'David Guetta', 'AYLIVA', 'Tate McRae', 'Ski Aggu', 'Gzuz', 'D-Block Europe', 'Eminem', 'Tom Odell', 'David Kushner', 'Central Cee', 'Creeds', 'SUICIDAL-IDOL', 'Enny-Mae', 'Paul', 'reezy', 'Macklemore & Ryan Lewis', 'Gringo Bamba', 'Tream', 'Luciano', '01099', 'Mitski', 'Bebe Rexha', 'AUT of ORDA', 'Apache 207', 'Niklas Dee', 'Ray Dalton', 'Ion Miles', 'Jazeek', 'Doja Cat', 'Baron', 'cassö', 'The Kolors', 'Luca-Dante Spadafora', 'The Beatles'}"
Belarus,"[0.72, 0.2, 0.08, 0.0]",24017,"{'Jung Kook', 'uglystephan', 'Yanix', 'Latto', 'LSP', 'Три дня дождя', 'Skryptonite', 'LIL KRYSTALLL', 'nkeeei', 'две тысячи ярдов', 'FACE', 'Violetta Sokolova', 'SPLYXER', 'Quest Pistols', 'Slowboy', 'MONA', 'FRIENDLY THUG 52 NGG', 'Big Baby Tape', 'Karna.val', 'Korol i Shut', 'Катя Самбука', 'shadowraze', 'zaichkou888', 'Max Korzh', 'V', 'kizaru', 'Groove Dealers', 'Heronwater', 'xxxmanera', 'Voskresenskii', 'NEWLIGHTCHILD', 'IVOXYGEN', 'Squirrel Flower', 'Memphis Cult', 'BUSHIDO ZHO', 'THRILL PILL', 'Jack Harlow', 'Кишлак', 'Moya Mishel', 'FEDUK', 'Toxi$', 'uniqe', 'Дора', 'KRBK', 'ANNA ASTI', 'Aarne', 'ARTEM SHILOVETS', 'Chief Keef', 'Doja Cat', 'Scally Milano'}"
Belgium,"[0.6567164179104478, 0.3283582089552239, 0.014925373134328358, 0.0]",65813,"{'Adele', 'Olivia Rodrigo', ""Heuss L'enfoiré"", 'Peggy Gou', 'RAYE', 'BENNETT', 'Old Jim', 'Khalid', 'Dave', 'Lewis Capaldi', 'Metejoor', 'Macklemore', 'Vance Joy', 'Coldplay', 'Loreen', 'Kenya Grace', 'Favé', 'Abou Debeing', 'Sam Smith', 'Harry Styles', 'Mariah Carey', 'Miley Cyrus', 'a-ha', 'Jungeli', 'Lord Huron', 'Ryan Lewis', 'iñigo quintero', 'David Guetta', 'Tate McRae', 'Kungs', 'Tyla', 'D-Block Europe', 'SDM', 'Imen Es', 'Tom Odell', 'Dua Lipa', 'David Kushner', 'Central Cee', 'Lost Frequencies', 'Lossa', 'Creeds', 'Purple Disco Machine', 'Enny-Mae', 'Macklemore & Ryan Lewis', 'Bebe Rexha', 'Mitski', 'Alonzo', 'Pommelien Thijs', 'Gazo', 'Arctic Monkeys', 'Hannah Mae', 'Niklas Dee', 'Teddy Swims', 'Ray Dalton', 'Soolking', 'Julian Perretta', 'Norma Jean Martine', 'Calvin Harris', 'Bill Withers', 'Hozier', 'Doja Cat', 'KeBlack', 'Billie Eilish', 'cassö', 'Taylor Swift', 'Ofenbach', 'The Beatles'}"
Bolivia,"[0.84, 0.14, 0.0, 0.02]",10340,"{'Jung Kook', 'Plan B', 'Latto', 'Myke Towers', 'Chino Pacas', 'Calle 24', 'Ozuna', 'Eslabon Armado', 'Marshmello', 'Grupo Firme', 'Bad Bunny', 'Feid', 'Yng Lvcas', 'Fuerza Regida', 'Manuel Turizo', 'Carin Leon', 'Maria Becerra', 'Tainy', 'Shakira', 'Jimin', 'Mora', 'Darell', 'Grupo Frontera', 'iñigo quintero', 'Gabito Ballesteros', ""La K'onga"", 'FMK', 'Quevedo', 'Milo j', 'Onda Sabanera', 'Ke Personajes', 'Bizarrap', 'KEVIN ROLDAN', 'Piso 21', 'Darkiel', 'Tokischa', 'Peso Pluma', 'Junior H', 'Jack Harlow', 'Jhayco', 'Big One', 'Yahritza Y Su Esencia', 'Luck Ra', 'Bad Gyal', 'Maluma', 'Young Miko', 'Taiu', 'KAROL G', 'Los Ángeles Azules', 'Damas Gratis'}"
Brazil,"[0.8375, 0.125, 0.025, 0.0125]",20079,"{'Mc Menor Thalis', 'LeoZera', 'Mc Dena', 'Pedro Lotto', 'ÉaBest', 'Adriano Rhod', 'MC Ryan SP', 'Flora Matos', 'Juliette', 'Marshmello', 'MC Kevin o Chris', 'Fepache', 'Mc IG', 'MC Maneirinho', 'Simone Mendes', 'Mc Karol', 'Kadu Martins', 'Mc Mika', 'João Gomes', 'MC GH do 7', 'GREGO', 'TrapLaudo', 'DJ Arana', 'Mari Fernandez', 'Mc Don Juan', 'Prod Malax', 'NATTAN', 'MC Rhamon', 'Triz', 'Guilherme & Benuto', 'Maiara & Maraisa', 'Ana Castela', 'Bvga Beatz', 'Love Funk', 'Luan Santana', 'Tropa do Bruxo', 'Israel & Rodolffo', 'Veigh', 'Diego & Victor Hugo', 'Zé Neto & Cristiano', 'Matheus Fernandes', 'MC GP', 'MC K.K', 'Manu', 'Gabb MC', 'Matheus & Kauan', 'Marília Mendonça', 'DJ Matt D', 'Vulgo FK', 'Dj GBR', 'Mc Daniel', 'MC Tigrão', 'Mc Luki', 'AgroPlay', 'DENNIS', 'MC Rogerinho', 'Hugo & Guilherme', 'Felipe Amorim', 'Luan Pereira', 'Mc Livinho', 'SMU', 'Dj Nk Da Serra', 'Luísa Sonza', 'Wesley Safadão', 'MC Bruno MS', 'Grupo Menos É Mais', 'DJ Glenner', 'Supernova Ent', 'DJ THG', 'Dj Hm Oliveira', 'MC PH', 'Mc Kadu', 'Mc Danone', 'Gustavo Mioto', 'Henrique & Juliano', 'Paulo Pires', 'DJ Ws da Igrejinha', 'Gusttavo Lima', 'DJ Oreia', 'Mc Davi'}"
Bulgaria,"[0.6296296296296297, 0.37037037037037035, 0.0, 0.0]",33780,"{'Medi', 'Jung Kook', 'Emanuela', 'Don Toliver', 'Latto', 'Madonna', 'Ivayla', 'SIMONA', 'Marso', 'Torino', 'Pashata', 'Kamelia', 'Galena', 'Kenya Grace', 'Gunna', 'Playboi Carti', 'Galin', 'Toni Storaro', 'Molec', 'Travis Scott', 'Yeat', 'Emilia', 'Kotenceto', 'DENIS TEOFIKOV', 'Djordan', 'Emil TRF', 'Daft Punk', 'Tate McRae', 'Tyla', 'Future', 'Drake', 'The Weeknd', 'Ilian Boyd', 'V:RGO', '21 Savage', 'Dimoff', 'Metro Boomin', 'Dessita', 'Mitski', 'Alisia', 'Emrah', 'FYRE', 'Mom4eto', 'Azis', 'Arctic Monkeys', 'Jack Harlow', 'BM', 'Preslava', 'MBT', 'Aristos Constantinou', 'Tsvetelina Yaneva', 'Doja Cat', 'Trap19 Connection', 'Yoana Sashova'}"
Canada,"[0.5789473684210527, 0.39473684210526316, 0.0, 0.02631578947368421]",59813,"{'Olivia Rodrigo', 'Noah Kahan', 'Jung Kook', 'The Neighbourhood', 'Latto', 'Dave', 'SZA', 'Tory Lanez', 'Lil Tecca', 'Bad Bunny', 'Gunna', 'Kenya Grace', 'Taylor Swift', 'Travis Scott', 'Mariah Carey', 'Yeat', 'Bing Crosby', 'Sexyy Red', 'Tate McRae', 'Tyla', 'Drake', 'David Kushner', 'Central Cee', 'Selena Gomez', 'Morgan Wallen', 'Ken Darby Singers', 'Mitski', 'J. Cole', 'Rema', 'Teddy Swims', 'Luke Combs', 'Kacey Musgraves', 'Doja Cat', 'Billie Eilish', 'Dua Lipa', 'Zach Bryan', 'John Scott Trotter & His Orchestra', 'The Beatles'}"
Chile,"[0.8709677419354839, 0.11290322580645161, 0.0, 0.016129032258064516]",29935,"{'King Savagge', 'Ak4:20', 'Mambo Kingz', 'Mateo on the Beatz', 'Nysix Music', 'Jairo Vera', 'Los Patos Feos Inc', 'Chiko Alfa', 'Best', 'Rauw Alejandro', 'Plan B', 'Myke Towers', 'Pailita', 'Jere Klein', 'Anuel AA', 'Paolo Pimp', 'Pablo Chill-E', 'Gino Mella', 'Nicki Nicole', 'Grupo Firme', 'Bad Bunny', 'Feid', 'Nes', 'Carin Leon', 'Julianno Sosa', 'Nickoog Clk', 'Wolfine', 'Yan Block', 'DJ Luian', 'Shakira', 'Darell', 'Grupo Frontera', 'iñigo quintero', 'Cris Mj', 'Sayian Jimmy', 'Gittobeatz', 'El Jordan 23', 'Guelo Star', 'Bayriton', 'Katteyes', 'Marcianeke', 'FMK', 'Quevedo', 'Ryan Castro', 'Milo j', 'Ke Personajes', 'Bizarrap', 'Ñejo', 'Tokischa', 'Peso Pluma', 'Jhayco', 'Big One', 'Bad Gyal', 'Adan La Amenaza', 'Maluma', 'Young Miko', 'Taiu', 'Kidd Voodoo', 'Malito Malozo', 'KAROL G', 'Fran C', 'Lucky Brown'}"
Colombia,"[0.9090909090909091, 0.09090909090909091, 0.0, 0.0]",19482,"{'Sky Rompiendo', 'Tony Dize', 'Esteban Rojas', 'Plan B', 'Los Rogelios', 'Blessd', 'Myke Towers', 'Chino Pacas', 'Calle 24', 'Ozuna', 'Eslabon Armado', 'Cheztom', 'Yng Lvcas', 'Grupo Firme', 'Bad Bunny', 'Feid', 'Fuerza Regida', 'Manuel Turizo', 'Carin Leon', 'Reboll333', 'ElMalaFama', 'Wolfine', 'Shakira', 'Chencho Corleone', 'SOG', 'Mora', 'Darell', 'Brray', 'Grupo Frontera', 'iñigo quintero', 'Soley', 'Yandel', 'Gabito Ballesteros', 'Robin Rouse', 'Quevedo', 'Bryant Myers', 'Ryan Castro', 'Milo j', 'Nath', 'Bizarrap', 'Rema', 'Ñejo', 'Dei V', 'Piso 21', 'Peso Pluma', 'Junior H', 'Jhayco', 'Silvestre Dangond', 'Maluma', 'Young Miko', 'DFZM', 'KAROL G', 'Tego Calderón', 'Pirlo', 'Hades66'}"
Costa Rica,"[0.8536585365853658, 0.14634146341463414, 0.0, 0.0]",26809,"{'Eladio Carrion', 'Plan B', 'Myke Towers', 'Chino Pacas', 'Ozuna', 'Calle 24', 'Eslabon Armado', 'Grupo Firme', 'Bad Bunny', 'Feid', 'Fuerza Regida', 'Manuel Turizo', 'Carin Leon', 'Shakira', 'Romeo Santos', 'Jimin', 'Mora', 'Darell', 'Kany García', 'Grupo Frontera', 'iñigo quintero', 'YOVNGCHIMI', 'Gabito Ballesteros', 'Gerardo Coronel', 'Drake', 'Quevedo', 'Bryant Myers', 'Milo j', 'Bizarrap', 'Dei V', 'Tokischa', 'Peso Pluma', 'Jhayco', 'Junior H', 'Yahritza Y Su Esencia', 'Bad Gyal', 'Maluma', 'Young Miko', 'Taiu', 'KAROL G', 'Luar La L'}"
Czech Republic,"[0.7727272727272727, 0.18181818181818182, 0.045454545454545456, 0.0]",49025,"{'The Neighbourhood', 'SIMILIVINLIFE', 'RAYE', 'BENNETT', 'Macklemore', 'Sofian Medjmedj', 'KOJO', 'Kenya Grace', 'Ben Cristovao', 'Robin Zoot', 'Ektor', 'Rohony', 'OneRepublic', 'Annet X', 'Separ', 'Hard Rico', 'Lord Huron', 'Yzomandias', 'Ryan Lewis', 'ŠKWOR', 'mdmx', 'David Guetta', 'iñigo quintero', 'Tate McRae', 'D-Block Europe', 'P T K', 'Hasan', 'Tom Odell', 'Dua Lipa', 'David Kushner', 'SUICIDAL-IDOL', 'Bebe Rexha', 'Macklemore & Ryan Lewis', 'Mitski', 'Viktor Sheen', 'Dollar Prync', 'Vadak', 'Ray Dalton', 'STEIN27', 'Calin', 'Doja Cat', 'cassö', 'Nik Tendo', 'Jerry Lee'}"
Denmark,"[0.7111111111111111, 0.28888888888888886, 0.0, 0.0]",74958,"{'andreas odbjerg', 'D1MA', 'Wham!', 'Baloosh', 'RAYE', 'Dave', 'Burhan G', 'Gobs', 'Omar', 'Artigeardit', 'B.O.C', 'Gilli', 'Kenya Grace', 'Tessa', 'Ida Laurberg', 'Mariah Carey', 'Ariana Grande', 'Branco', 'iñigo quintero', 'Tate McRae', 'Tyla', 'DJ Aligator', 'D-Block Europe', 'Caroline Dubois', 'Saveus', 'Central Cee', 'Mekdes', 'Merro8', 'Benny Jamz', 'Makar', 'ICEKIID', 'KIDD', 'Mads Langer', 'Justin Bieber', 'TopGunn', 'Lamin', 'Doja Cat', 'Tobias Rahim', 'Frida Brygmann', 'cassö', 'Taylor Swift', 'KESI', 'URO', 'Ukendt Kunstner', 'The Beatles'}"
Dominican Republic,"[0.8461538461538461, 0.15384615384615385, 0.0, 0.0]",25523,"{'Kreizy k', 'Jung Kook', 'Eladio Carrion', 'Yaisel LM', 'Latto', 'Donaty', 'Myke Towers', 'Ozuna', 'Bad Bunny', 'Feid', 'Carin Leon', 'Shakira', 'Chencho Corleone', 'Romeo Santos', 'Jey One', 'Mora', 'Darell', 'Grupo Frontera', 'El Baby R', 'Rochy RD', 'iñigo quintero', 'Brytiago', 'YOVNGCHIMI', 'Drake', 'Quevedo', 'Bryant Myers', 'Arcángel', 'Milo j', 'Bizarrap', 'Dei V', 'Tokischa', 'Peso Pluma', 'Jhayco', 'Hansel El De La H', 'Bad Gyal', 'Maluma', 'Young Miko', 'KAROL G', 'Luar La L'}"
Ecuador,"[0.8260869565217391, 0.15217391304347827, 0.0, 0.021739130434782608]",13285,"{'Jung Kook', 'Sky Rompiendo', 'Plan B', 'Latto', 'Myke Towers', 'Chino Pacas', 'Bellakath', 'Calle 24', 'Ozuna', 'Dani Flow', 'Marshmello', 'Yng Lvcas', 'Bad Bunny', 'Feid', 'Fuerza Regida', 'Manuel Turizo', 'Carin Leon', 'Tainy', 'Wolfine', 'Chencho Corleone', 'Shakira', 'Mora', 'SOG', 'Darell', 'Bacilos', 'Grupo Frontera', 'iñigo quintero', 'Yandel', 'Gabito Ballesteros', 'Quevedo', 'Ryan Castro', 'Milo j', 'Bizarrap', 'Ñejo', 'Piso 21', 'Tokischa', 'Peso Pluma', 'Jhayco', 'Junior H', 'Bad Gyal', 'Maluma', 'Belanova', 'Young Miko', 'Taiu', 'KAROL G', 'Tego Calderón'}"
Egypt,"[0.8088235294117647, 0.16176470588235295, 0.029411764705882353, 0.0]",17123,"{'Essam Sasa', 'Jung Kook', 'Balti', 'Ahmed Kamel', 'Muslim - مُسلِم', 'Hassan El Shafei', 'Ruby', 'Vortex', 'Wegz', 'Ahmed Saad', 'Reda El Bahrawy', 'Dana Salah', 'Mohamed Mounir', 'Bataineh', 'Amir Eid', 'Dina El Wedidi', 'Abd El Basset Hamouda', 'Al Nather', 'Afroto', 'Saif safadi', 'Issam Alnajjar', 'Randar', 'Fuad Gritli', 'Wael Jassar', 'NORDO', 'Donia Wael', 'Cairokee', 'Bosy', 'Muslim', 'Nawal', '3enba', 'Osos', 'Assala Nasri', 'Skales', 'Muhab', 'Hamza Namira', 'Ali Rabee', 'Shabjdeed', 'Ramy Sabry', 'Bahaa Sultan', 'Marwan Moussa', 'Smallx', 'Mohammed Saeed', 'Mahmoud El Leithy', 'Marwan Pablo', 'Alyoung', 'Dafencii', 'Karim Cristiano', 'Hamdy Batshan', 'A5rass - الاخرس', 'A.L.A', 'Amr Diab', 'Tamer Ashour', 'Farid', 'Maha Ftouni', 'El Mahrgan', 'Ghaliaa', 'Omar Rammal', 'Rajieen', 'Shroof', 'Double Zuksh', 'Mohamed Hamaki', 'Hassan El Kholaey', 'Wessam Qutob', 'zeyne', 'Sherine', 'Mohamed Ramadan', 'Sharmoofers'}"
El Salvador,"[0.8666666666666667, 0.13333333333333333, 0.0, 0.0]",11717,"{'Jung Kook', 'Tony Dize', 'Plan B', 'Latto', 'Chino Pacas', 'Myke Towers', 'Bellakath', 'Calle 24', 'Ozuna', 'Eslabon Armado', 'Dani Flow', 'Marshmello', 'Grupo Firme', 'Bad Bunny', 'Feid', 'Yng Lvcas', 'Fuerza Regida', 'Manuel Turizo', 'Carin Leon', 'Tainy', 'Chencho Corleone', 'Jimin', 'Mora', 'Darell', 'Grupo Frontera', 'iñigo quintero', 'J Balvin', 'Gabito Ballesteros', 'YOVNGCHIMI', 'Gerardo Coronel', 'Quevedo', 'Bryant Myers', 'Milo j', 'Bizarrap', 'Piso 21', 'Tokischa', 'Peso Pluma', 'Junior H', 'Jhayco', 'Bad Gyal', 'Maluma', 'Young Miko', 'Tego Calderón', 'KAROL G', 'Luar La L'}"
Estonia,"[0.6825396825396826, 0.2222222222222222, 0.09523809523809523, 0.0]",45236,"{'Jung Kook', 'The Neighbourhood', 'Joost', 'Takura', 'Wham!', 'Latto', 'Peggy Gou', 'Три дня дождя', 'RAYE', 'Madonna', 'Karl Killing', '5MIINUST', 'Dave', 'Trigga', 'Flowdan', 'SPLYXER', 'Kenya Grace', 'Gunna', 'MONA', 'Playboi Carti', 'Big Baby Tape', 'Mariah Carey', 'Yeat', 'Lord Huron', 'FMMB', 'gameboy tetris', 'iñigo quintero', 'Daft Punk', 'Tate McRae', 'Reket', 'Tyla', 'D-Block Europe', 'Ski Aggu', 'IRAH', 'Drake', 'Groove Dealers', 'Tom Odell', 'David Kushner', 'The Weeknd', 'kizaru', 'Central Cee', 'Dua Lipa', 'Otto Waalkes', 'SUICIDAL-IDOL', 'Troye Sivan', 'Mitski', 'Memphis Cult', 'boipepperoni', 'Arctic Monkeys', 'Dwele', 'Kanye West', 'Käärijä', 'Lil Peep', 'Bou', 'nublu', 'Doja Cat', 'villemdrillem', 'Billie Eilish', 'cassö', 'Aarne', 'Taylor Swift', 'NEXUS', 'Chase & Status'}"
Finland,"[0.7209302325581395, 0.27906976744186046, 0.0, 0.0]",59869,"{'C.Gambino', 'Spekti', 'SHRTY', 'Isac Elliot', 'koira', 'BEHM', 'Cledos', 'RAYE', 'Annika Eklund', 'Robin Packalen', 'Turisti', 'Joalin', 'jambo', 'KUUMAA', 'Lauri Haav', 'Kenya Grace', 'Joe L', 'Jami Faltin', 'Purplape', 'Karim B', 'Olavi Uusivirta', 'HUGO', 'Pyrythekid', 'DJ Oku Luukkainen', 'Bee', 'Ellinoora', 'VJ', 'Tate McRae', 'D-Block Europe', 'Hätä-Miikka', 'Etta', 'Costi', 'JANNA', 'Mirella', 'Averagekidluke', 'Axel Kala', 'BESS', 'Gettomasa', 'ibe', 'Käärijä', 'Gasellit', 'cassö', 'Ege Zulu'}"
France,"[0.7230769230769231, 0.23076923076923078, 0.03076923076923077, 0.015384615384615385]",58765,"{""Heuss L'enfoiré"", 'Ninho', 'RAYE', 'BENNETT', 'SativaMusic', 'Tiakola', 'Trinix', 'Sia', 'Naeleck', 'Dave', 'Macklemore', 'PLK', 'Fafá de Belém', 'Loreen', 'Favé', 'Kenya Grace', 'Abou Debeing', 'Damso', 'OBOY', 'Ofenbach', 'Morad', 'Vianney', 'NAZAKEBLACK', 'Jungeli', 'Ryan Lewis', 'Kendji Girac', 'iñigo quintero', 'One-T', 'Tate McRae', 'Tyla', 'D-Block Europe', 'Sergio Alejandro', 'SDM', 'Imen Es', 'Tom Odell', 'No Limit', 'David Kushner', 'Josman', 'SANTA', 'Lossa', 'Freeze corleone', 'Naza', 'Macklemore & Ryan Lewis', 'Alonzo', 'Joseph Kamel', 'Becky G', 'Gazo', 'Omega', 'Locko', 'Jul', 'Soolking', 'Ray Dalton', 'Norma Jean Martine', 'RK', 'King Serenity', 'GIMS', 'VINAI', 'Marnik', 'KeBlack', 'Doja Cat', 'cassö', 'Dua Lipa', 'Ayra Starr', 'Zokush', 'Werenoi'}"
Germany,"[0.8108108108108109, 0.16216216216216217, 0.02702702702702703, 0.0]",66038,"{'Lyente', 'Wham!', 'Ellice', 'Peter Plate', 'RAYE', 'BENNETT', 'Lyfrix', 'erobé', 'Gustav', 'Old Jim', 'Azet', 'Chris de Sarandy', 'Octavian', 'Niclov', 'Pashanim', '1986zig', 'Kenya Grace', 'badchieff', 'Joker Bra', 'Amaru', 'Bonez MC', 'SIRA', 'Taylor Swift', 'NESS', 'Bausa', 'Ulf Leo Sommer', 'Milano', 'Monk', 'BHZ', 'KXXMA', 'FiNCH', 'Mariah Carey', 'Capital Bra', 'danicpeepner', 'equal', 'RAF Camora', 'iñigo quintero', 'Udo Lindenberg', 'Sosa La M', 'Tate McRae', 'AYLIVA', 'Tyla', 'Ski Aggu', 'Gzuz', 'D-Block Europe', 'SDP', 'Tom Odell', 'IIVEN', 'David Kushner', 'Creeds', 'Enny-Mae', 'Paul', 'twocolors', 'reezy', '01099', 'Gringo Bamba', 'Zachi', 'Luciano', 'Tream', 'Safri Duo', 'Apache 207', 'ZANA', 'Niklas Dee', 'Trettmann', 'Sonny Wern', 'Ion Miles', 'Jazeek', 'Liaze', 'Doja Cat', 'Baron', 'cassö', 'Luca-Dante Spadafora', 'Quinten Circle', 'The Beatles'}"
Greece,"[0.8, 0.11666666666666667, 0.08333333333333333, 0.0]",39864,"{'Light', 'DJ Cron', 'MUNEYLXRD', 'Dani Gambino', 'Destiny', 'KONY', 'Ggreco', 'Strat', 'Saske', 'RACK', 'Misk', 'Skoul', 'Sigma', 'Yll Limani', 'Ramoon', 'Lava', 'Jo Lids', 'Michael Touratzidis', 'Christos Mastoras', 'SNIK', 'Hawk', 'VLOSPA', 'Mente Fuerte', 'ROPEX LATERIO', 'Fullife', 'SIDARTA', 'Anastasia', 'Lil Koni', 'Alecc', 'Skive', 'Oge', 'iñigo quintero', 'Trannos', 'Tate McRae', 'Mad Clip', 'Sin Laurent', 'Bloody Hawk', 'Mateos Nps', 'Immune', 'Baghdad', 'Roi 6/12', 'Ortiz', 'Tugan', 'Bossikan', 'Ioulia Kallimani', 'ZAF', 'Nineb Youk', 'X ORFEAS', 'Kidd', 'Ivan Greko', 'Paris Kalpos', 'TOQUEL', 'Dirty Harry', 'RICTA', 'Wang', 'BeTaf Beats', 'Echo', 'Night Grind', 'Beyond', 'LILA'}"
Guatemala,"[0.8636363636363636, 0.11363636363636363, 0.0, 0.022727272727272728]",10595,"{'Jung Kook', 'Michelle Maciel', 'Plan B', 'Latto', 'Chino Pacas', 'Myke Towers', 'Alex Favela', 'Bellakath', 'Calle 24', 'Eslabon Armado', 'Dani Flow', 'Marshmello', 'Grupo Firme', 'Bad Bunny', 'Feid', 'Natanael Cano', 'Fuerza Regida', 'Yng Lvcas', 'Manuel Turizo', 'Carin Leon', 'Tainy', 'Chencho Corleone', 'Darell', 'Grupo Frontera', 'iñigo quintero', 'J Balvin', 'Gabito Ballesteros', 'Gerardo Coronel', 'Quevedo', 'Joaquin Medina', 'Grupo Marca Registrada', 'Piso 21', 'LATIN MAFIA', 'Peso Pluma', 'Junior H', 'Eden Muñoz', 'Yahritza Y Su Esencia', 'Maluma', 'Oscar Maydon', 'Código FN', 'Belanova', 'Young Miko', 'Humbe', 'KAROL G'}"
Honduras,"[0.875, 0.125, 0.0, 0.0]",7163,"{'Jung Kook', 'Tony Dize', 'Plan B', 'Latto', 'Chino Pacas', 'Myke Towers', 'Calle 24', 'Eslabon Armado', 'Marshmello', 'Grupo Firme', 'Bad Bunny', 'Feid', 'Yng Lvcas', 'Fuerza Regida', 'Carin Leon', 'Tainy', 'Chencho Corleone', 'Jimin', 'Mora', 'Darell', 'Grupo Frontera', 'iñigo quintero', 'YOVNGCHIMI', 'J Balvin', 'Gabito Ballesteros', 'Gerardo Coronel', 'Quevedo', 'Bryant Myers', 'JIN', 'Arcángel', 'Tokischa', 'Peso Pluma', 'Junior H', 'Jack Harlow', 'Jhayco', 'Bad Gyal', 'Maluma', 'Young Miko', 'KAROL G', 'Luar La L'}"
Hong Kong,"[0.5833333333333334, 0.375, 0.0, 0.041666666666666664]",72861,"{'JENNIE', 'Jung Kook', 'Central Cee', 'Major Lazer', 'Anson Lo 盧瀚霆', 'Latto', 'The Kid LAROI', 'IVE', 'MC 張天賦', '陳卓賢 Ian', 'Tyson Yoshi', 'YOASOBI', 'DJ Snake', 'NewJeans', 'Jack Harlow', 'Hins Cheung', 'Keung To', 'LE SSERAFIM', 'Doja Cat', '(G)I-DLE', 'Dear Jane', 'Taylor Swift', 'V', 'Tate McRae'}"
Hungary,"[0.7666666666666667, 0.2, 0.03333333333333333, 0.0]",43601,"{'4s Street', 'VZS', 'Young Fly', 'KKevin', 'David Kushner', 'Kain', 'Tomi', 'Dzsúdló', 'LMEN PRALA', 'Hundred Sins', 'BENNETT', 'BSW', 'Lord Panamo', 'Pogány Induló', 'Ekhoe', 'Kenya Grace', 'Bruno X Spacc', 'ANUBII$', 'Csoky', 'Krúbi', 'DESH', 'Azahriah', 'Beton.Hofi', 'Copy Con', 'Mihályfi Luca', 'Doja Cat', 'iñigo quintero', 'Grasa', 'Tate McRae', 'VALMAR'}"
Iceland,"[0.6, 0.4, 0.0, 0.0]",69833,"{'Drake', 'Aron Can', 'Dua Lipa', 'Wham!', 'Lil Binni', 'Laddi', 'RAYE', 'ICEGUYS', 'Mitski', 'SZA', 'Bubbi Morthens', 'Daniil', 'Kenya Grace', 'ISSI', 'BRÍET', 'Steindi Jr.', 'Hafdís Huld', 'Birnir', 'Mariah Carey', 'Käärijä', 'iñigo quintero', 'Yeat', 'Tyla', 'Lord Huron', 'Doja Cat', 'Sexyy Red', 'cassö', 'The Beatles', 'Taylor Swift', 'Izleifur', 'Luigi', 'Tate McRae', 'Friðrik Dór', 'PATRi!K', 'D-Block Europe'}"
India,"[0.7910447761194029, 0.19402985074626866, 0.0, 0.014925373134328358]",9183,"{'Shreya Ghoshal', 'Javed-Mohsin', 'Rashmeet Kaur', 'Prashant Ingole', 'Amitabha Bhattacharya', 'Avvy Sra', 'Asees Kaur', 'Shadab Faridi', 'Rony Ajnali', 'Ikky', 'Sia', 'The Paul', 'Yo Yo Honey Singh', 'Karan Aujla', 'Kumaar', 'Ranveer Singh', 'Aditya Gadhvi', 'B Praak', 'MC SQUARE', 'Romy', 'Sachet Tandon', 'Mohit Chauhan', 'Rahul Mishra', 'Jay Trak', 'Anirudh Ravichander', 'Jonita Gandhi', 'Priya Mali', 'Sharn', 'Super Subu', 'Greg Kurstin', 'Diljit Dosanjh', 'Preston Pablo', 'King', 'AP Dhillon', 'Jubin Nautiyal', '40k', 'Denny', 'Vishal Mishra', 'Tanishk Bagchi', 'Anvita Dutt', 'Jaani', 'Gill Machhrai', 'Altamash Faridi', 'Nikhita Gandhi', 'Jasleen Royal', 'Shubh', 'Amitabh Bhattacharya', 'AUR', 'Madan Mohan', 'Prabh Singh', 'Pritam', 'Shilpa Rao', 'Darshan Raval', 'Mithoon', 'Aditya A', 'Kunaal Vermaa', 'Sachet-Parampara', 'Parampara Tandon', 'Achint', 'Alka Yagnik', 'Asal Kolaar', 'Sachin-Jigar', 'Thalapathy Vijay', 'Varun Jain', 'Hiten', 'Dulquer Salmaan', 'Arijit Singh'}"
Indonesia,"[0.5714285714285714, 0.3673469387755102, 0.02040816326530612, 0.04081632653061224]",15834,"{'JENNIE', 'Jung Kook', 'Arsy Widianto', 'Lily-Rose Depp', 'Latto', 'Nadin Amizah', 'Batas Senja', 'Seventeen', 'NIKI', 'Fiersa Besari', 'Virgoun', 'Suara Kayu', 'Andra & The Backbone', 'Last Child', 'DJ PIMI', 'Aan Story', 'Miley Cyrus', 'NDX A.K.A.', 'Dewa 19', 'Daft Punk', 'Tate McRae', 'Anggi Marito', 'Aziz Hedra', 'Elsya', 'The Weeknd', 'Hindia', 'raissa anggiani', 'Tulus', 'Tiara Andini', 'For Revenge', 'Audy', 'Fabio Asher', 'Nadhif Basalamah', 'Element', 'Raim Laode', 'Ghea Indrawari', 'Mitski', 'Devano', 'Anne-Marie', 'Arctic Monkeys', 'Iwan Fals', 'Idgitaf', 'Mahalini', 'Jaz', 'James Arthur', 'Donne Maula', 'Feby Putri', 'Nidji', 'Taylor Swift'}"
Ireland,"[0.5957446808510638, 0.3617021276595745, 0.0, 0.0425531914893617]",137638,"{'Olivia Rodrigo', 'Noah Kahan', 'Post Malone', 'Wham!', 'Peggy Gou', 'RAYE', 'The Cranberries', 'Jozzy', 'Dave', 'Jazzy', 'Coldplay', 'Fred again..', 'Vance Joy', 'Hannah Laing', 'Kenya Grace', 'Richy Mitch & The Coal Miners', 'Harry Styles', 'Mariah Carey', 'Chasing Abbey', 'Paolo Nutini', 'Lord Huron', 'RoRo', 'Sonny Fodera', 'Tate McRae', 'Obongjayar', 'D-Block Europe', 'Tyla', 'Tom Odell', 'MK', 'David Kushner', 'Central Cee', 'Dua Lipa', 'Fleetwood Mac', 'Troye Sivan', 'Mitski', 'Billy Gillies', 'Hannah Boleyn', 'Kacey Musgraves', 'Clementine Douglas', 'Hozier', 'Doja Cat', 'The Goo Goo Dolls', 'Billie Eilish', 'cassö', 'Taylor Swift', 'Zach Bryan', 'The Beatles'}"
Israel,"[0.7142857142857143, 0.2857142857142857, 0.0, 0.0]",54771,"{'Olivia Rodrigo', 'Tuna', 'ששון איפרם שאולוב', 'Odeya', 'Eviatar Banai', 'יגל אושרי', 'Jasmin Moallem', 'Static', 'Hanan Ben Ari', 'David Broza', 'Guy Mentesh', 'Peled', 'Infected Mushroom', 'Mor', 'Arctic Monkeys', 'Osher Cohen', 'Doli & Penn', 'Mergui', 'Marina Maximilian', 'Kenya Grace', 'ליעד מאיר', 'E-Z', 'Peer Tasi', 'Inbal Bibi', 'Omer Adam', 'Doja Cat', 'Ravid Plotnik', 'Avraham Tal', 'Nastia Rod', 'Eyal Golan', 'iñigo quintero', 'Eden Hason', 'Tate McRae', 'Avi Aburomi', 'Benaia Barabi'}"
Italy,"[0.875, 0.125, 0.0, 0.0]",54259,"{'Geolier', 'Rhove', 'BLANCO', 'Myke Towers', 'Ernia', 'Merk & Kremont', 'Tedua', 'Rose Villain', 'ANNA', 'Don Pero', 'Salmo', 'VillaBanks', 'Tananai', 'Emma', 'Fivio Foreign', 'Pinguini Tattici Nucleari', 'Alfa', 'Andry The Hitmaker', 'Slings', 'Kid Yugi', 'iñigo quintero', 'Sfera Ebbasta', 'Lazza', 'Fabri Fibra', 'Shiva', 'Finesse', 'Niky Savage', 'BIA', 'AVA', 'Coez', 'Bello Figo', 'Takagi & Ketra', 'Guè', 'Frah Quintale', 'Yung Snapp', 'Michelangelo', 'Marracash', 'Noyz Narcos', 'Angelina Mango', 'Capo Plaza', 'Calcutta ', 'Boro', 'Artie 5ive', 'Tony Effe', 'The Kolors', 'Drillionaire', 'Bresh', 'Medy'}"
Japan,"[0.6470588235294118, 0.20588235294117646, 0.029411764705882353, 0.11764705882352941]",52120,"{'Jung Kook', 'Sonoko Inoue', 'King Gnu', 'back number', 'ヨルシカ', 'shy taupe', 'V', 'Latto', 'SPITZ', 'Macaroni Empitsu', '10-FEET', 'SEKAI NO OWARI', 'BE:FIRST', 'Kenshi Yonezu', 'OFFICIAL HIGE DANDISM', 'Soushi Sakiyama', 'natori', 'YOASOBI', 'tuki.', 'NewJeans', 'Jack Harlow', 'Ado', 'MY FIRST STORY', 'Mrs. GREEN APPLE', '音田 雅則', 'Fujii Kaze', 'Tani Yuuki', 'Yuuri', 'LE SSERAFIM', 'マルシィ', 'Hitsujibungaku', 'Tatsuya Kitani', 'Vaundy', 'Saucy Dog'}"
Kazakhstan,"[0.6744186046511628, 0.2558139534883721, 0.06976744186046512, 0.0]",32712,"{'JENNIE', 'Jung Kook', 'The Neighbourhood', 'Hiro', 'yatashigang', 'Lily-Rose Depp', 'Shiza', 'Latto', 'Sevak', 'Skryptonite', 'Junior', 'K-Chante', 'Kenya Grace', 'Irina Kairatovna', 'INTERWORLD', 'Mc Gw', 'Dj Brunin XM', 'Darkhan Juzz', 'Daft Punk', 'Tate McRae', 'V $ X V PRiNCE', 'The Weeknd', 'Bakr', 'KZA Produções', 'JANAGA', 'Mitski', 'Bibi Babydoll', 'Жугунусов Мирас', 'De Lacure', 'Arctic Monkeys', 'Mc Menor Do Alvorada', 'Кот Балу', 'ZWE1HVNDXR', 'DJ Snake', 'Jack Harlow', 'Ulukmanapo', 'KRBK', 'S3BZS', 'Xcho', 'Charusha', 'Bonapart', 'Doja Cat', 'Sadraddin'}"
Latvia,"[0.65, 0.2833333333333333, 0.06666666666666667, 0.0]",40892,"{'Steve Lacy', 'Jung Kook', 'The Neighbourhood', 'Kendrick Lamar', 'Kali Uchis', 'Latto', 'Peggy Gou', 'Три дня дождя', 'RAYE', 'Madonna', 'The Game', 'SPLYXER', 'Kenya Grace', 'Gunna', 'MONA', 'Playboi Carti', 'Harry Styles', 'Big Baby Tape', 'Travis Scott', 'Yeat', 'TV Girl', 'Lord Huron', 'Lana Del Rey', '$ourJ', 'Frank Ocean', 'Daft Punk', 'Empire of the Sun', 'Tate McRae', 'David Guetta', 'kizaru', 'D-Block Europe', 'Groove Dealers', 'Tyla', 'Drake', 'Tom Odell', 'The Weeknd', 'David Kushner', 'Tyler, The Creator', 'Dua Lipa', 'SUICIDAL-IDOL', 'Bebe Rexha', 'Mitski', 'J. Cole', 'Memphis Cult', 'Cigarettes After Sex', 'Arctic Monkeys', 'Dwele', 'Kanye West', 'XXXTENTACION', 'Moya Mishel', 'Jay Rock', 'A-Europa', 'ANNA ASTI', 'Lil Peep', 'Doja Cat', 'Aarne', '50 Cent', 'cassö', 'Taylor Swift', 'Singapūras Satīns'}"
Lithuania,"[0.6153846153846154, 0.36538461538461536, 0.019230769230769232, 0.0]",49245,"{'Jung Kook', 'The Neighbourhood', 'Latto', 'Peggy Gou', 'Madonna', 'RAYE', 'Dave', 'Tory Lanez', 'Karališka Erdvė', 'Rokas Yan', 'Nombeko Auguste', 'Kenya Grace', 'Gunna', 'Furytto', 'Playboi Carti', 'Harry Styles', 'Taylor Swift', 'Adrina', 'Rokas', 'Yeat', 'GJan', 'TV Girl', 'Lana Del Rey', 'Frank Ocean', 'iñigo quintero', 'Tate McRae', 'Tyla', 'D-Block Europe', 'Drake', 'The Weeknd', 'David Kushner', 'Central Cee', 'Evgenya Redko', 'Jovani', 'SUICIDAL-IDOL', ""Aliyah's Interlude"", 'Troye Sivan', 'Hotel Ugly', 'Mitski', 'Cigarettes After Sex', 'Arctic Monkeys', 'Dwele', 'Proflame', 'Kanye West', 'Jessica Shy', 'Jack Harlow', 'Remis Retro', 'Doja Cat', 'Justinas Jarutis', 'cassö', 'The Kolors', 'Dua Lipa'}"
Luxembourg,"[0.6, 0.37142857142857144, 0.02857142857142857, 0.0]",143304,"{""Heuss L'enfoiré"", 'Imen Es', 'Tom Odell', 'Jung Kook', 'David Kushner', 'Central Cee', 'Lossa', 'Latto', 'RAYE', 'BENNETT', 'David Guetta', 'Bebe Rexha', 'Dave', 'Alonzo', 'Gazo', 'Loreen', 'Apache 207', 'Bad Bunny', 'Kenya Grace', 'Matthew Schultz', 'Abou Debeing', 'Soolking', 'Taylor Swift', 'Mariah Carey', 'Miley Cyrus', 'Jungeli', 'Doja Cat', 'KeBlack', 'cassö', 'Dua Lipa', 'iñigo quintero', 'Udo Lindenberg', 'Tate McRae', 'Tyla', 'D-Block Europe'}"
Malaysia,"[0.3902439024390244, 0.5853658536585366, 0.0, 0.024390243902439025]",37083,"{'JENNIE', 'Olivia Rodrigo', 'Jung Kook', 'Lily-Rose Depp', 'Latto', 'Awdella', 'SZA', 'Saixse', 'NewJeans', 'Kenya Grace', 'Miley Cyrus', 'd4vd', 'Ruth B.', 'One Direction', 'Daft Punk', 'Tate McRae', 'Anggi Marito', 'Fadhilah Intan', 'Sabrina Carpenter', 'Aziz Hedra', 'The Weeknd', 'FIFTY FIFTY', 'Fabio Asher', 'Nadhif Basalamah', 'Ghea Indrawari', 'Mitski', 'Anne-Marie', 'Arctic Monkeys', 'DJ Snake', 'Jack Harlow', 'Justin Bieber', 'Masdo', 'Mahalini', 'LE SSERAFIM', 'Doja Cat', 'James Arthur', 'Billie Eilish', 'Taylor Swift', 'dhruv', 'Aisyah Aziz', 'New West'}"
Mexico,"[0.8936170212765957, 0.0851063829787234, 0.0, 0.02127659574468085]",24976,"{'Alan Dazmel', 'El Gudi', 'Yeri Mua', 'Luis R Conriquez', 'Alfredo Olivas', 'Chino Pacas', 'Alex Favela', 'Bellakath', 'Myke Towers', 'Calle 24', 'Eslabon Armado', 'Dani Flow', 'Los Dareyes De La Sierra', 'Marshmello', 'Grupo Firme', 'Bad Bunny', 'Feid', 'Natanael Cano', 'Fuerza Regida', 'Doble ONE Flow Letal', 'Yng Lvcas', 'Carin Leon', 'Xavi', 'Uzielito Mix', 'Oviña', 'Grupo Frontera', 'iñigo quintero', 'Jasiel Nuñez', 'Panter Bélico', 'Jey F', 'Gabito Ballesteros', 'Joel De La P', 'Joaquin Medina', 'Grupo Marca Registrada', 'Tito Double P', 'El Bogueto', 'LATIN MAFIA', 'Peso Pluma', 'Junior H', 'Eden Muñoz', 'Maluma', 'Código FN', 'Oscar Maydon', 'KAROL G', 'Belanova', 'Humbe', 'Michelle Maciel'}"
Morocco,"[0.875, 0.10416666666666667, 0.020833333333333332, 0.0]",10408,"{'MHD', 'Jung Kook', 'Duke', 'Latto', 'Raste', 'Aezaddy', 'SativaMusic', 'Niro', 'kouz1', 'Lbenj', 'Kenya Grace', 'Morad', 'Stormy', 'Muslim', 'Maes', 'Mons', 'Inkonnu', 'YAM', 'DYSTINCT', 'iñigo quintero', 'V', 'Snor', 'Tate McRae', 'Moha K', 'Cheba Warda', 'Draganov', 'Mounim Slimani', 'Ayoub Anbaoui', 'Naza', 'Bo9al', 'Hassa1', 'Gazo', 'Baby Gang', 'Lartiste', 'Unleaded', 'Jack Harlow', 'Dizzy DROS', 'Houssainy', 'Jul', 'Soolking', 'TIF', 'Don Bigg', 'Bobo', 'ElGrandeToto', 'GIMS', 'Kira7', 'Mocci', 'Anys'}"
Netherlands,"[0.6625, 0.3, 0.0125, 0.025]",73317,"{'Post Malone', 'Wham!', 'Djaga Djaga', 'Peggy Gou', 'RAYE', 'BENNETT', 'Josylvio', 'Suzan & Freek', 'Claude', 'Alok', 'Ronnie Flex', 'Kenya Grace', 'Trobi', 'Racoon', 'Sam Smith', 'The Chainsmokers', 'Conor Maynard', 'OneRepublic', 'Mariah Carey', 'Zoë Tauran', 'iñigo quintero', 'Maan', 'Tate McRae', 'Tyla', 'D-Block Europe', 'Tom Odell', 'Jonna Fraser', 'Enny-Mae', 'SERA', 'Lijpe', 'Mart Hoogkamer', 'Tabitha', 'Anne-Marie', 'Niklas Dee', 'KA', 'S10', 'Kevin', 'Calvin Harris', 'Antybanty', 'Caza', 'Nathan Dawe', 'Doja Cat', 'Nothing But Thieves', 'Son Mieux', 'Lost Frequencies', 'Philly', 'Dua Lipa', 'The Beatles', 'Sluwe Ollie', 'Goldband', 'Tino Martin', 'Lyente', 'Old Jim', 'Ella Henderson', 'Moeman', 'Noano', 'Douwe Bob', 'KATNUF', 'Bokke8', 'Alessio', 'Burna Boy', 'Boef', 'David Guetta', 'Mae Stephens', 'Kris Kross Amsterdam', 'David Kushner', 'Bebe Rexha', 'Marco Schuitmaker', 'ZANA', 'Teddy Swims', 'Luke Combs', 'Sonny Wern', 'Norma Jean Martine', 'Joel Corry', 'Billie Eilish', 'cassö', 'Taylor Swift', 'Quinten Circle', 'Shania Twain', 'Ofenbach'}"
New Zealand,"[0.64, 0.32, 0.02, 0.02]",53809,"{'Olivia Rodrigo', 'Noah Kahan', 'Takura', 'Corrella', 'Madonna', 'RAYE', 'SZA', 'Dave', 'Vance Joy', 'Trigga', 'Flowdan', 'Kenya Grace', 'Gunna', 'Playboi Carti', 'Harry Styles', 'Taylor Swift', 'OneRepublic', 'Miley Cyrus', 'Lord Huron', 'Creedence Clearwater Revival', 'Sexyy Red', 'Frank Ocean', 'Tate McRae', 'Tyla', 'D-Block Europe', 'IRAH', 'Drake', 'The Weeknd', 'David Kushner', 'Central Cee', 'Selena Gomez', 'Fleetwood Mac', 'Morgan Wallen', 'Mitski', 'J. Cole', 'Rema', 'L.A.B.', 'Teddy Swims', 'Luke Combs', 'Paul Russell', 'Miguel', 'Kacey Musgraves', 'Bou', 'Doja Cat', 'Billie Eilish', 'cassö', 'Dua Lipa', 'Zach Bryan', 'Chase & Status', 'The Beatles'}"
Nicaragua,"[0.8837209302325582, 0.11627906976744186, 0.0, 0.0]",7642,"{'Jung Kook', 'Plan B', 'Latto', 'Chino Pacas', 'Myke Towers', 'Luis Mexia', 'Calle 24', 'Ozuna', 'Eslabon Armado', 'Marshmello', 'Grupo Firme', 'Bad Bunny', 'Feid', 'Yng Lvcas', 'Fuerza Regida', 'Manuel Turizo', 'Carin Leon', 'Chencho Corleone', 'Jimin', 'Mora', 'Darell', 'Bacilos', 'Grupo Frontera', 'iñigo quintero', 'YOVNGCHIMI', 'J Balvin', 'Gabito Ballesteros', 'Gerardo Coronel', 'Quevedo', 'Bryant Myers', 'Milo j', 'Bizarrap', 'Piso 21', 'Tokischa', 'Peso Pluma', 'Junior H', 'Jhayco', 'Bad Gyal', 'Maluma', 'Young Miko', 'Tego Calderón', 'KAROL G', 'Luar La L'}"
Nigeria,"[0.7941176470588235, 0.17647058823529413, 0.029411764705882353, 0.0]",6148,"{'Bella Shmurda', 'Fave', 'Mohbad', 'Seyi Vibez', 'Kizz Daniel', 'Asake', 'Tems', 'Victony', 'Omah Lay', 'Rema', 'Davido', 'Cruel Santino', 'Shallipopi', 'Jeriq', 'Burna Boy', 'Young Jonn', 'Lojay', 'Olamide', 'Qing Madi', 'Blaqbonez', 'Chris Brown', 'Bnxn', 'Pa Monday-Edo', 'Wale', 'ODUMODUBLVCK', 'Crayon', 'Babyboy AV', 'Fireboy DML', 'Bloody Civilian', 'Tega Boi Dc', 'Khaid', 'Ayra Starr', 'Zerrydl', 'Amaarae'}"
Norway,"[0.6031746031746031, 0.2857142857142857, 0.09523809523809523, 0.015873015873015872]",82236,"{'C.Gambino', 'Olivia Rodrigo', 'UNDERGRUNN', 'Wham!', 'Oscar Blesson', 'LilNeya', 'RAYE', 'LilPu$$y', 'Sia', 'Kaizers Orchestra', 'Gutterommet', 'Marstein', 'Kenya Grace', 'Tyr', 'Chris Abolade', 'Cezinando', 'Bausa', 'Sportsalleen', 'Mariah Carey', 'LilRizze', 'b.G', 'Lord Huron', 'iñigo quintero', 'Roc Boyz', 'David Guetta', 'Tate McRae', 'Tyla', 'D-Block Europe', 'Michael Bublé', 'bibbebaby', 'Kudos', 'David Kushner', 'Tom Odell', 'Stig Brenner', 'Dua Lipa', 'Kjartan Lauritzen', 'Phill', 'Magasinet', '23', 'Victoria Nadine', 'Troye Sivan', 'Bebe Rexha', 'Delara', 'Segertåget', 'Emma Steinbakken', 'Coucheron', 'Teddy Swims', 'LilBing', 'Ballinciaga', 'LilElli$', 'El Papi', 'Randi Oline', 'Hver gang vi møtes', 'Kacey Musgraves', 'Beathoven', 'Doja Cat', 'DJ MøMø', 'Billie Eilish', 'cassö', 'Taylor Swift', 'Zach Bryan', 'Golfklubb', 'The Beatles'}"
Pakistan,"[0.8571428571428571, 0.12698412698412698, 0.0, 0.015873015873015872]",6773,"{'Shreya Ghoshal', 'Jung Kook', 'Raffey Anwar', 'Rashmeet Kaur', 'Latto', 'Paradox', 'Sia', 'Ikky', 'Kaifi Khalil', 'The Paul', 'Aditya Rikhari', 'thiarajxtt', 'Dhanju', 'Karan Aujla', 'Kumaar', 'Shinda Kahlon', 'Ranveer Singh', 'Sachet Tandon', 'Starboy X', 'Jay Trak', 'Taimour Baig', 'Arijit Singh', 'Anirudh Ravichander', 'Jonita Gandhi', 'Sharn', 'Greg Kurstin', 'Diljit Dosanjh', 'SARRB', 'Bir', 'Talha Anjum', 'Major Lazer', 'AP Dhillon', 'Sidhu Moose Wala', '40k', 'Saad Lamjarred', 'Vishal Mishra', 'Talwiinder', 'Umair', 'Jaani', 'DJ Snake', 'Preston Pablo', 'Bayaan', 'Shubh', 'Jasleen Royal', 'Abdul Hannan', 'AUR', 'Prabh Singh', 'Jack Harlow', 'Adnan Dhool', 'Shilpa Rao', 'Darshan Raval', 'Amitabh Bhattacharya', 'Madan Mohan', 'Sachet-Parampara', 'Pritam', 'Rovalio', 'Hasan Raheem', 'Parampara Tandon', 'Parmish Verma', 'Sultaan', 'Rajat Nagpal', 'Dulquer Salmaan', 'Avvy Sra'}"
Panama,"[0.8444444444444444, 0.13333333333333333, 0.022222222222222223, 0.0]",42738,"{'Haquil', 'Jung Kook', 'Eladio Carrion', 'LH', 'Plan B', 'Latto', 'Myke Towers', 'Ozuna', 'SMILE BEATS', 'BARBEL', 'Burna Boy', 'Bad Bunny', 'Feid', 'Manuel Turizo', 'Carin Leon', 'Tainy', 'Chencho Corleone', 'Mora', 'Darell', 'Grupo Frontera', 'iñigo quintero', 'Brytiago', 'Yandel', 'YOVNGCHIMI', 'Bombermusik', 'Valentino GRM', 'Quevedo', 'Bryant Myers', 'Milo j', 'Bizarrap', 'JEYSON', 'Dei V', 'Tokischa', 'Alec Roman', 'Peso Pluma', 'Jhayco', 'Jack Harlow', 'Bad Gyal', 'Maluma', 'Young Miko', 'Taiu', 'KAROL G', 'Luar La L', 'Anyuri', 'Frank ""El Santo""'}"
Paraguay,"[0.8333333333333334, 0.16666666666666666, 0.0, 0.0]",15533,"{'Jung Kook', 'Nysix Music', 'Plan B', 'El negro tecla', 'Latto', 'Myke Towers', 'Ozuna', 'Eslabon Armado', 'Alan Gomez', 'Yng Lvcas', 'Grupo Firme', 'Bad Bunny', 'Feid', 'Carin Leon', 'Maria Becerra', 'MC Kevin o Chris', 'Mora', 'Darell', 'Emilia', 'Grupo Frontera', 'DENNIS', 'iñigo quintero', 'Yandel', 'Sayian Jimmy', 'Gabito Ballesteros', ""La K'onga"", 'Quevedo', 'FMK', 'Milo j', 'Onda Sabanera', 'Bizarrap', 'Ke Personajes', 'Callejero Fino', 'Tokischa', 'Peso Pluma', 'Junior H', 'Jhayco', 'BM', 'Big One', 'Yahritza Y Su Esencia', 'Luck Ra', 'Bad Gyal', 'Maluma', 'Young Miko', 'La Joaqui', 'Taiu', 'KAROL G', 'Damas Gratis'}"
Peru,"[0.8301886792452831, 0.16981132075471697, 0.0, 0.0]",15894,"{'Jung Kook', 'Plan B', 'Latto', 'Grupo 5', 'Myke Towers', 'Danny Ocean', 'Ozuna', 'Anuel AA', 'Haze', 'Yng Lvcas', 'Bad Bunny', 'Feid', 'Manuel Turizo', 'Duki', 'Carin Leon', 'LIT killah', 'Maria Becerra', 'Wolfine', 'Chencho Corleone', 'Jimin', 'Shakira', 'Yandar & Yostin', 'Mora', 'Andy Rivera', 'Darell', 'Bacilos', 'Rusherking', 'Emilia', 'Grupo Frontera', 'Brray', 'Eddy Herrera', 'iñigo quintero', 'Mawell', 'Tiago PZK', 'Quevedo', 'FMK', 'Ryan Castro', 'Milo j', 'Bizarrap', 'Ke Personajes', 'Ñejo', 'Piso 21', 'Tokischa', 'Peso Pluma', 'Jhayco', 'Jack Harlow', 'Big One', 'Bad Gyal', 'Yahritza Y Su Esencia', 'Maluma', 'Young Miko', 'Taiu', 'KAROL G'}"
Philippines,"[0.64, 0.26, 0.04, 0.06]",11326,"{'Jung Kook', 'Janine', 'Eros Tongco', 'Nateman', 'Latto', 'HELLMERRY', 'SZA', 'Cup of Joe', 'Jed Baruelo', 'Dilaw', 'rhodessa', 'YP', 'Teys', 'Adie', 'Madman Stan', 'CK YG', 'Maki', 'NOBITA', 'wave to earth', 'Cean Jr.', 'Tate McRae', 'Tyla', 'Sugarcane', 'Sabrina Carpenter', 'Zack Tabudlo', 'Arthur Miguel', 'SunKissed Lola', 'Realest Cram', 'Janine Berdin', 'Mitski', 'TONEEJAY', 'Al James', 'gins&melodies', 'Hev Abi', 'Orange & Lemons', 'Jack Harlow', 'slimedemidemislime', 'Lola Amour', 'Calein', 'juan karlos', 'DEMI', 'SwKeith', 'Doja Cat', 'Daniel Caesar', 'Up Dharma Down', 'Billie Eilish', 'E.J', 'Taylor Swift', 'Arthur Nery', 'Jthekidd'}"
Poland,"[0.7466666666666667, 0.18666666666666668, 0.04, 0.02666666666666667]",45538,"{'bvdy47', 'WERSOW', 'The Neighbourhood', 'Guzowianki', 'Mario Dracula', 'BeMelo', 'charlie moncler', 'Jonatan', 'Adash', 'RAYE', 'Sir Mich', 'BAHsick', 'Chivas', 'sanah', 'Męskie Granie Orkiestra 2023', 'Cyrko', '@atutowy', 'Brodka', 'Doda', 'L.U.C.', 'White Widow', 'Kenya Grace', 'Bletka', 'Mata', 'Kwiat Jabłoni', 'Favst', 'Vito Bambino', 'Daria Zawiałow', 'Kukon', 'Lord Huron', 'Yeat', 'Fukaj', 'Mrozu', 'iñigo quintero', 'Kronkel Dom', 'bambi', 'Tate McRae', 'Rebel Babel Film Orchestra', 'D-Block Europe', 'Igo', 'Drake', 'Tom Odell', 'David Kushner', 'Zeamsone', 'Kleks', 'Smolasty', 'DNSQ', '4Money', 'FRIZ', 'SUICIDAL-IDOL', 'D3W', 'ReTo', 'PG$', 'Mitski', 'Żabson', 'Arctic Monkeys', 'Majki', 'Kizo', 'WIKTOR', 'Kalwi & Remi', 'Wroobel', 'Gibbs', 'Filip Leon', 'Dawid Podsiadło', 'Guzior', 'schafter', 'Blacha 2115', 'Oki', 'Taco Hemingway', 'Eddie Block', 'Doja Cat', 'The Kolors', 'Young Leosia', 'cassö', 'PRO8L3M'}"
Portugal,"[0.84, 0.13333333333333333, 0.013333333333333334, 0.013333333333333334]",45227,"{'Mc Menor Thalis', 'Jung Kook', 'Slow J', 'Matheus Fernandes', 'Mariza', 'MC GP', 'Pedro Lotto', 'Latto', 'Calema', 'Matuê', 'Myke Towers', 'Van Zee', 'MC Ryan SP', 'DJ Matt D', 'Vulgo FK', 'WIU', 'Juliette', 'Marshmello', 'Bad Bunny', 'Dj GBR', 'Kenya Grace', 'Manuel Turizo', 'Tz da Coronel', 'Mc Daniel', 'MUN', 'Bárbara Tinoco', 'MC Kevin o Chris', 'Fepache', 'Kappa Jotta', 'Mc Luki', 'Ivandro', 'AgroPlay', 'DENNIS', 'iñigo quintero', 'Mc IG', 'Tate McRae', 'Julinho Ksd', 'Tyla', 'Dj Ramon Sucesso', 'GBoss', 'MC GH do 7', 'Dillaz', 'Luan Pereira', 'Mc Livinho', 'SMU', 'D.A.M.A', 'Dj Nk Da Serra', 'TrapLaudo', 'Los Romeros', 'Prod Malax', 'Grupo Menos É Mais', 'Mc Don Juan', 'MC Torugo', 'Nuno Ribeiro', 'Triz', 'Supernova Ent', 'Wet Bed Gang', 'Pedro Mafama', 'MC PH', 'Mc Kadu', 'Bvga Beatz', 'Ana Castela', 'Bispo', 'Nagalli', 'Rich The Kid', 'Plutonio', 'Tropa do Bruxo', 'DJ Ws da Igrejinha', 'Veigh', 'Doja Cat', 'LON3R JOHNY', 'Toledo', 'Taylor Swift', 'Bárbara Bandeira', 'Mc Davi'}"
Romania,"[0.765625, 0.203125, 0.03125, 0.0]",41029,"{'Andia', 'Jung Kook', 'AlbertNbn', 'RUL', 'Tzanca Uraganu', 'Deliric', 'Latto', 'Satra B.E.N.Z.', 'Lele', 'Puya', 'Gheboasă', 'BROKN', 'Iuly Neamtu', 'Ravisval', 'Kenya Grace', 'Bvcovia', 'Gunna', 'Manele VTM', 'Alex Botea', 'Snoop Dogg', 'Alduts Sherdley', 'Pitariu George', 'George Talent', '4 226', 'Yeat', 'Stefan Costea', 'Ian', 'Giovanni', 'Oscar', 'M.G.L.', 'rares', 'IRAIDA', 'iñigo quintero', 'Alex Bittman', 'Vescan', 'Tate McRae', 'Nicole Cherry', 'Iustin', 'andrei', 'Bogdan DLP', 'Drake', 'Aerozen', 'Ministerul Manelelor', 'DZWS', 'Andrei G', 'EXPOSURE', 'Mitski', '911', 'RAVA', 'Alex Velea', 'Nutu', 'Costel Biju', 'Tata Vlad', 'Manele Mentolate', 'Eva Timush', 'BITTNER', 'IDK', 'BEN', 'YNY Sebi', 'Mgk666', 'Jador', 'Doja Cat', 'Holy Molly', 'Dani Mocanu'}"
Saudi Arabia,"[0.48936170212765956, 0.40425531914893614, 0.10638297872340426, 0.0]",68453,"{'Adele', 'JENNIE', 'Jung Kook', 'The Neighbourhood', 'yatashigang', 'Lily-Rose Depp', 'Latto', 'girl in red', 'SZA', 'Tory Lanez', 'Amy Macdonald', 'Kenya Grace', 'Gunna', 'Gala', 'Majid Almohandis', 'INTERWORLD', 'Jimin', 'Dj Brunin XM', 'Mc Gw', 'ابو سراج', 'Speed Radio', 'Lana Del Rey', 'Daft Punk', 'V', 'Tate McRae', 'Molella', 'The Weeknd', 'Tom Odell', 'David Kushner', 'Major Lazer', 'SUICIDAL-IDOL', 'KZA Produções', 'Rihanna', 'Mitski', 'Cigarettes After Sex', 'Bibi Babydoll', 'Mc Menor Do Alvorada', 'Arctic Monkeys', 'DJ Snake', 'ZWE1HVNDXR', 'Jack Harlow', 'S3BZS', 'TalkinToys', 'LE SSERAFIM', 'Doja Cat', 'Sherine', 'Taylor Swift'}"
Singapore,"[0.36363636363636365, 0.6060606060606061, 0.0, 0.030303030303030304]",133108,"{'JENNIE', 'Olivia Rodrigo', 'Sabrina Carpenter', 'Jung Kook', 'The Weeknd', 'FIFTY FIFTY', 'Central Cee', 'Lily-Rose Depp', 'Dua Lipa', 'Major Lazer', 'Latto', 'The Kid LAROI', 'IVE', 'Mitski', 'SZA', 'SEVENTEEN', 'DJ Snake', 'NewJeans', 'Jack Harlow', 'Kenya Grace', 'Justin Bieber', 'League of Legends', '承桓', 'LE SSERAFIM', 'Doja Cat', '(G)I-DLE', 'Eric Chou', 'Billie Eilish', '卢卢快闭嘴', 'Taylor Swift', 'V', 'Tate McRae', 'Tyla'}"
Slovakia,"[0.7083333333333334, 0.22916666666666666, 0.0625, 0.0]",42228,"{'Jung Kook', 'The Neighbourhood', 'Wham!', 'Latto', 'SIMILIVINLIFE', 'RAYE', 'BENNETT', 'Peter Pann', 'Tiësto', 'Bwayne', 'Sima', 'Kenya Grace', 'Gunna', 'Taylor Swift', 'Separ', 'Yeat', 'Hard Rico', 'Lord Huron', 'Kali', 'Samey', 'David Guetta', 'iñigo quintero', 'V', 'Tate McRae', 'D-Block Europe', 'P T K', 'Drake', 'Tom Odell', 'Gleb', 'David Kushner', 'Dua Lipa', 'Pil C', 'Luca Brassi10x', 'SUICIDAL-IDOL', 'Bebe Rexha', 'Mitski', 'LUJA', 'Viktor Sheen', 'Dollar Prync', 'Arctic Monkeys', 'Matej Straka', 'STEIN27', 'Facefront', 'Porsche Boy', 'Calin', 'Doja Cat', 'cassö', 'Jerry Lee'}"
South Africa,"[0.7572815533980582, 0.17475728155339806, 0.038834951456310676, 0.02912621359223301]",16211,"{'SjavasDaDeejay', 'Dj Jaivane', 'Eemoh', 'Zaba', 'Tyler ICU', 'Keynote', 'Philharmonic', 'Ceeka RSA', 'Dave', 'Sbuda Maleather', 'Njelic', 'Brenden Praise', 'Harry Cane', 'Umthakathi Kush', 'Kenya Grace', 'T-Man SA', 'Mariah Carey', 'Khalil Harrison', 'Yeat', ""Ch'cco"", 'Drumonade', 'MÖRDA', 'Spirit Of Praise', 'Bassie', 'Tate McRae', 'Tyla', 'Drake', 'De Mthuda', 'DJ Latimmy', 'Central Cee', 'KingTalkzin', 'Mo-T', 'Nomfundo Moh', 'DJ Maphorisa', 'Skandisoul', 'Kabza De Small', 'LeeMcKrazy', 'Lwah Ndlunkulu', 'Sam Deep', 'Glenn Jones', 'Fantasia', 'Daliwonga', 'DJ Nomza The King', 'DJ Tshegu', 'Master KG', 'DJ Kent', 'AMAQHAWE', 'Sobzeen', 'Felo Le Tee', 'Miguel', 'Sizwe Nineteen', 'Ice Beats Slide', 'Naledi', 'Doja Cat', 'Zee_nhle', 'Siya Ntuli', 'Xolani Guitar', 'Killorbeezbeatz', 'Tman Xpress', 'Tyrondee', 'Mellow & Sleazy', 'SZA', 'R-Bee', 'Mthunzi', 'Megadrumz', 'Thakzin', 'De’vine 07', 'Gunna', 'Sizwe Alakine', 'Tebza De DJ', 'Kamo Mphela', 'Pushkin RSA', 'Mas Musiq', 'Young Stunna', 'Da Muziqal Chef', 'Mthandeni SK', 'Lady Du', 'Nonny', 'QuayR Musiq', 'Omit ST', 'Uncle Waffles', 'Tumi Sdomane', 'Baby S.O.N', 'Maverick Muji', 'J. Cole', 'Ayanda Ntanzi', 'Nkosazana Daughter', 'Jimmy Maradona', 'Mpumi Mtsweni', 'Dlala Thukzin', 'Deep Sen', 'Sims Noreng', 'Tumelo_za', 'Nandipha808', 'DJ Stokie', 'Focalistic', 'Aymos', 'MaWhoo', 'Sykes', 'Oscar Mbo, KG Smallz, Mörda, Thakzin, & Mhaw Keys', 'Dearson', 'TitoM', 'Fezeka Dlamini'}"
South Korea,"[0.625, 0.25, 0.0, 0.125]",56709,"{'JENNIE', 'Jung Kook', 'NLE Choppa', 'Central Cee', 'TAEYANG', 'BTS', 'Major Lazer', 'Latto', 'The Kid LAROI', 'AKMU', 'IVE', 'JVKE', 'DJ Snake', 'NewJeans', 'Jack Harlow', 'League of Legends', 'RIIZE', 'Jimin', 'Muni Long', 'LE SSERAFIM', 'Fast & Furious: The Fast Saga', 'V', 'Kodak Black', 'Lim Young Woong'}"
Spain,"[0.85, 0.15, 0.0, 0.0]",50472,"{'Pedro Calderon', 'Sky Rompiendo', 'Eladio Carrion', 'Mambo Kingz', 'JC Reyes', 'Kiko Rivera', 'Rauw Alejandro', 'Myke Towers', 'SativaMusic', 'Sebastian Yatra', 'Anuel AA', 'Marshmello', 'céro', 'Bad Bunny', 'Feid', 'Manuel Turizo', 'Duki', 'LIT killah', 'Maria Becerra', 'Morad', 'Chencho Corleone', 'DJ Luian', 'Rusherking', 'Mora', 'Darell', 'Emilia', 'Brray', 'iñigo quintero', 'Tiago PZK', 'Brytiago', 'YOVNGCHIMI', 'Saiko', 'Omar Montes', 'Quevedo', 'FMK', 'Bryant Myers', 'Ryan Castro', 'Milo j', 'Ana Mena', 'TINI', 'Bizarrap', 'GARABATTO', 'Dei V', 'Peso Pluma', 'Jhayco', 'DELLAFUENTE', 'Soge Culebra', 'Beéle', 'Big One', 'Rels B', 'Beny Jr', 'LUDMILLA', 'Maluma', 'GIMS', 'Young Miko', 'Rvfv', 'Zecca', 'KAROL G', 'Lola Indigo', 'Tunvao'}"
Sweden,"[0.5576923076923077, 0.36538461538461536, 0.057692307692307696, 0.019230769230769232]",66209,"{'C.Gambino', 'Dizzy', 'Kayen', 'Wham!', '25', 'HAVAL', 'Darin', 'RAYE', 'Shiro', 'Peg Parnevik', 'Veronica Maggio', 'Hanna Ferm', 'Zara Larsson', 'Humlan Djojj', 'Yasin', 'Le Winter', 'Kenya Grace', 'Pablo Paz', 'Mariah Carey', 'ADAAM', 'Mapei', 'takenoelz', 'Thomas Stenström', 'Lord Huron', 'iñigo quintero', 'David Guetta', 'Tate McRae', 'Ellen Krauss', 'Tyla', 'D-Block Europe', 'Molly Sandén', 'Tom Odell', 'Bolaget', 'Asme', 'Babblarna', 'Einár', 'B.Baby', 'Hooja', 'Josefine Götestam', 'Albin Lee Meldau', 'Ant Wan', 'VC Barre', 'Kacey Musgraves', 'Doja Cat', 'Billie Eilish', 'cassö', 'Owen', 'Taylor Swift', 'Zach Bryan', 'Sara Kurt', 'Hov1', 'The Beatles'}"
Switzerland,"[0.7272727272727273, 0.25757575757575757, 0.015151515151515152, 0.0]",89537,"{'The Neighbourhood', 'Wham!', 'Peggy Gou', 'RAYE', 'BENNETT', 'SativaMusic', 'Khalid', 'Gustav', 'Sia', 'Azet', 'Lewis Capaldi', 'Dave', 'Macklemore', 'Vance Joy', 'Loreen', 'Pashanim', 'Bad Bunny', 'Kenya Grace', 'Joker Bra', 'Gunna', 'Amaru', 'Morad', 'Harry Styles', 'Taylor Swift', 'OneRepublic', 'Mariah Carey', 'Miley Cyrus', 'a-ha', 'Lord Huron', 'Ryan Lewis', 'Capital Bra', 'RAF Camora', 'David Guetta', 'iñigo quintero', 'Udo Lindenberg', 'Tate McRae', 'AYLIVA', 'Tyla', 'D-Block Europe', 'Ski Aggu', 'Eminem', 'Gzuz', 'Tom Odell', 'David Kushner', 'Central Cee', 'Bebe Rexha', 'Macklemore & Ryan Lewis', 'Gringo Bamba', 'Mitski', 'Luciano', '01099', 'Zachi', 'Gazo', 'reezy', 'Apache 207', 'Trettmann', 'Ray Dalton', 'Soolking', 'Jazeek', 'GIMS', 'Doja Cat', 'Billie Eilish', 'cassö', 'The Kolors', 'Dua Lipa', 'The Beatles'}"
Taiwan,"[0.4864864864864865, 0.43243243243243246, 0.02702702702702703, 0.05405405405405406]",72485,"{'JENNIE', 'Jung Kook', 'King Gnu', 'Ronghao Li', '颜人中', 'Latto', 'IVE', '告五人', 'A-Lin', 'NewJeans', 'elijah woods', 'Taylor Swift', '政学Zed-X', '(G)I-DLE', '卢卢快闭嘴', 'Fish Leong', 'V', 'Tate McRae', '蕭秉治', 'Shi Shi', 'Central Cee', '理想混蛋', 'The Kid LAROI', 'Jay Chou', 'Mixer', 'SEVENTEEN', 'YOASOBI', 'Jack Harlow', '承桓', 'WeiBird', '詹雯婷', '小阿七', 'LE SSERAFIM', 'Doja Cat', 'Eric Chou', '高爾宣 OSN', '陳華'}"
Thailand,"[0.7647058823529411, 0.23529411764705882, 0.0, 0.0]",22491,"{'JENNIE', 'Jung Kook', 'MEYOU', 'Percy', 'Lily-Rose Depp', 'Latto', 'First Anuwat', 'Pop Pongkool', 'No One Else', 'QLER', 'JISOO', 'Musketeers', 'HYBS', 'Taylor Swift', 'Saran', 'Jimin', 'BLACKPINK', 'Parkmalody', 'YEW', 'DIDIxDADA', 'Maiyarap', 'bamm', 'LANDOKMAI', 'V', 'Newery', 'The Weeknd', 'Central Cee', '4ourYou', 'Only Monday', 'Major Lazer', 'Cocktail', 'TEN', 'Da Endorphine', 'The Kid LAROI', 'NCT 127', 'DJ Snake', 'Jack Harlow', 'fellow fellow', 'Anatomy Rabbit', 'ปรีชา ปัดภัย', 'Lower Mansion', 'LISA', 'GENA DESOUZA', 'feat. ออม TELExTELEXs', 'sarah salola', 'NONT TANONT', 'PURPEECH', 'Mirrr', 'FREEHAND', 'Three Man Down', 'Agust D'}"
Turkey,"[0.68, 0.32, 0.0, 0.0]",41888,"{'Muti', 'M Lisa', 'Melike Şahin', 'Ezhel', 'Çağan Şengül', 'INJI', 'Bengü', 'Derya Bedavacı', 'Zerrin Özer', 'Mabel Matiz', 'Aleyna Tilki', 'Ozan Doğulu', 'Canozan', 'Simge', 'Alişan', 'Borqy', 'Yüzyüzeyken Konuşuruz', 'Canbay & Wolker', 'Burcu Güneş', 'Emir Can İğrek', 'Doğu Swag', 'Dolu Kadehi Ters Tut', 'Gülden Mutlu', 'Bahadır Tatlıöz', 'Buray', 'Mert Demir', 'Kibariye', 'mor ve ötesi', 'Semicenk', 'Anıl Emre Daldal', 'UZI', 'Yıldız Tilbe', 'Derya Uluğ', 'Motive', 'Russ Millions', 'Heijan', 'Azer Bülbül', 'Rast', 'Dedublüman', 'Kurtuluş Kuş', 'Ati242', 'Halodayı', 'BLOK3', 'Sefo', 'Reynmen', 'KÖFN', 'Selin', 'Sedef Sebüktekin', 'Ebru Yaşar', 'Burak Bulut'}"
Ukraine,"[0.5789473684210527, 0.2807017543859649, 0.14035087719298245, 0.0]",14304,"{'Jung Kook', 'yatashigang', 'The Neighbourhood', 'alyona alyona', 'SHUMEI', 'Volodymyr Dantes', 'Latto', 'Три дня дождя', 'СТРУКТУРА ЩАСТЯ', 'Skryptonite', 'Parfeniuk', 'SPLYXER', 'Slowboy', 'Kenya Grace', 'MONA', 'FRIENDLY THUG 52 NGG', 'Big Baby Tape', 'INTERWORLD', 'Dj Brunin XM', 'Mc Gw', 'xxanteria', 'shadowraze', 'zaichkou888', 'Klavdia Petrivna', 'Tate McRae', 'kizaru', 'Groove Dealers', 'Wellboy', 'David Kushner', 'KAVA', 'ZLATA OGNEVICH', 'OSTY', 'SUICIDAL-IDOL', ""Aliyah's Interlude"", 'KZA Produções', 'IVOXYGEN', 'Після Дощу', 'Memphis Cult', 'Bibi Babydoll', 'Morphom', 'ZWE1HVNDXR', 'YAKTAK', 'Arctic Monkeys', 'Mc Menor Do Alvorada', 'Jack Harlow', 'Moya Mishel', 'SadSvit', 'ThxSoMch', 'KRBK', 'S3BZS', 'VovaZiLvova', 'POSITIFF', 'KOLA', 'DOROFEEVA', 'Aarne', 'Doja Cat', ""SOBOL'""}"
United Arab Emirates,"[0.6, 0.4, 0.0, 0.0]",88962,"{'JENNIE', 'Olivia Rodrigo', 'Jung Kook', 'Lily-Rose Depp', 'Latto', 'Madonna', 'Dave', 'SZA', 'Tory Lanez', 'Kumaar', 'Kenya Grace', 'Gunna', 'Playboi Carti', 'Harry Styles', 'Taylor Swift', 'Travis Scott', 'Anirudh Ravichander', 'Yeat', 'Daft Punk', 'V', 'Tate McRae', 'Tyla', 'Drake', 'The Weeknd', '21 Savage', 'David Kushner', 'Central Cee', 'Selena Gomez', 'Major Lazer', 'Metro Boomin', 'The Kid LAROI', 'Mitski', 'Rema', 'Arctic Monkeys', 'DJ Snake', 'Nikhita Gandhi', 'Jasleen Royal', 'Jack Harlow', 'Shilpa Rao', 'juan karlos', 'Doja Cat', 'Billie Eilish', 'Dua Lipa', 'Dulquer Salmaan', 'Arijit Singh'}"
United Kingdom,"[0.6296296296296297, 0.3333333333333333, 0.018518518518518517, 0.018518518518518517]",56836,"{'Olivia Rodrigo', 'Noah Kahan', 'The Neighbourhood', 'Wham!', 'Takura', 'Peggy Gou', 'Madonna', 'RAYE', 'Dave', 'SZA', 'Fred again..', 'Trigga', 'Vance Joy', 'Flowdan', 'Kenya Grace', 'Gunna', 'Playboi Carti', 'Harry Styles', 'Taylor Swift', 'Mariah Carey', 'Yeat', 'The Killers', 'Lord Huron', 'Becky Hill', 'Sexyy Red', 'Frank Ocean', 'Sonny Fodera', 'Tate McRae', 'Obongjayar', 'D-Block Europe', 'IRAH', 'Tyla', 'Drake', 'Tom Odell', 'MK', 'David Kushner', 'Central Cee', 'The Weeknd', 'Fleetwood Mac', 'Troye Sivan', 'Mitski', 'Billy Gillies', 'Arctic Monkeys', 'Hannah Boleyn', 'Bou', 'Clementine Douglas', 'Hozier', 'Doja Cat', 'The Goo Goo Dolls', 'Billie Eilish', 'cassö', 'Dua Lipa', 'Chase & Status', 'The Beatles'}"
United States,"[0.6341463414634146, 0.34146341463414637, 0.0, 0.024390243902439025]",80412,"{'Olivia Rodrigo', 'Noah Kahan', 'Jung Kook', 'The Neighbourhood', 'Kali Uchis', 'Latto', 'Chino Pacas', 'Calle 24', 'SZA', 'Eslabon Armado', 'Lil Tecca', 'Marshmello', 'Bad Bunny', 'Feid', 'Gunna', 'Fuerza Regida', 'Kenya Grace', 'Travis Scott', 'Mariah Carey', 'Yeat', 'Bing Crosby', 'Sexyy Red', 'Frank Ocean', 'Tate McRae', 'Tyla', 'Gabito Ballesteros', 'Tyler, The Creator', 'Drake', 'Morgan Wallen', 'Ken Darby Singers', 'Mitski', 'J. Cole', 'Peso Pluma', 'Junior H', 'Kacey Musgraves', 'KAROL G', 'Doja Cat', 'Taylor Swift', 'Zach Bryan', 'John Scott Trotter & His Orchestra', 'The Beatles'}"
Uruguay,"[0.7931034482758621, 0.1896551724137931, 0.0, 0.017241379310344827]",28984,"{'DJ Tao', 'Alejo Isakk', 'Nysix Music', 'El negro tecla', 'La T y La M', 'Myke Towers', 'Jere Klein', ""Hernan y La Champion's Liga"", 'Locura Mix', 'Nicki Nicole', 'Phontana', 'Bad Bunny', 'Feid', 'Duki', 'LIT killah', 'Maria Becerra', 'The La Planta', 'Rusherking', 'Emilia', 'Darell', 'Grupo Frontera', 'LA NUEVA ESCUELA', 'iñigo quintero', 'Tiago PZK', 'Sayian Jimmy', 'Gittobeatz', 'El Villano', 'YSY A', 'Mesita', ""La K'onga"", 'FMK', 'Quevedo', 'Marka Akme', 'Milo j', 'Migrantes', 'TINI', 'Bizarrap', 'Peipper', 'Ke Personajes', 'Ulises Bueno', 'Callejero Fino', 'Lola Indigo', 'Tokischa', 'Peso Pluma', 'Jhayco', 'Bhavi', 'BM', 'Big One', 'Luck Ra', 'Bad Gyal', 'LUDMILLA', 'Lauty Gram', 'Young Miko', 'Taiu', 'La Joaqui', 'Zecca', 'KAROL G', 'Los Ángeles Azules'}"
Venezuela,"[0.8157894736842105, 0.18421052631578946, 0.0, 0.0]",7985,"{'Jung Kook', 'Eladio Carrion', 'Sky Rompiendo', 'Plan B', 'Latto', 'Myke Towers', 'Danny Ocean', 'Ozuna', 'Bad Bunny', 'Feid', 'Manuel Turizo', 'Carin Leon', 'Shakira', 'Jimin', 'Jerry Di', 'Mora', 'Darell', 'Rawayana', 'iñigo quintero', 'YOVNGCHIMI', 'Drake', 'Saiko', 'ELENA ROSE', 'Quevedo', 'Bryant Myers', 'Milo j', 'Bizarrap', 'Dei V', 'Tokischa', 'Peso Pluma', 'Jhayco', 'Jack Harlow', 'Bad Gyal', 'Maluma', 'Young Miko', 'Taiu', 'KAROL G', 'Luar La L'}"
Vietnam,"[0.78, 0.18, 0.02, 0.02]",14285,"{'tlinh', 'Ronboogz', 'JENNIE', 'Jung Kook', 'Madihu', 'RPT MCK', 'GREY D', 'Shiki', 'DT Tập Rap', 'Latto', 'itsnk', 'Wren Evans', 'GDucky', 'Tăng Duy Tân', 'Low G', 'Jimin', 'B Ray', 'Vũ Phụng Tiên', 'Mikelodic', 'HIEUTHUHAI', 'RPT Orijinn', 'Obito', 'V', 'W/N', 'Linh Thộn', 'Quang Anh Rhyder', 'Drum7', 'Phương Ly', 'Kuun Đức Nam', 'Chillies', 'Major Lazer', 'Vũ.', '267', 'Trung Trần', 'Thắng', 'Minh Huy', 'VSTRA', 'Muộii (Starry Night)', 'DJ Snake', 'Jack Harlow', 'Binz', 'Nomovodka', 'CoolKid', 'JustaTee', 'Karik', '2pillz', 'Da LAB', 'WEAN', 'Emcee L (Da LAB)', 'O.lew'}"
