Artist,Sex
Mc Menor Thalis,M
Noah Kahan,M
Sonoko Inoue,F
Ninho,M
El negro tecla,M
Mario Dracula,M
Mariza,M
DT Tập Rap,M
SIMILIVINLIFE,M
Annika Eklund,F
BLANCO,M
Jonatan,M
Danny Ocean,M
Peter Pann,M
Burhan G,M
Lava,U
Pablo Chill-E,M
Omah Lay,M
Lil Tecca,M
Njelic,M
Natanael Cano,M
ElMalaFama,M
Nickoog Clk,M
Alecc,M
zaichkou888,U
One Direction,G
Samey,M
MÖRDA,M
Spirit Of Praise,G
Maiyarap,M
Sharn,M
El Villano,M
Igo,M
No Limit,G
Bahaa Sultan,M
João Gomes,M
OSTY,M
For Revenge,M
Vũ.,M
Troye Sivan,M
GREGO,M
TONEEJAY,M
Averagekidluke,M
Becky G,F
KEVIN ROLDAN,M
Anvita Dutt,F
TOQUEL,M
Jhayco,M
Jack Harlow,M
League of Legends,G
Felo Le Tee,M
Double Zuksh,M
Beny Jr,M
Lower Mansion,M
S10,F
Eric Chou,M
Nothing But Thieves,M
Chase & Status,M
PATRi!K,M
Agust D,M
Haquil,M
SHRTY,M
MUNEYLXRD,U
Siya Ntuli,M
Muti,M
RUL,M
Los Palmeras,M
Latto,F
Los Patos Feos Inc,M
Vortex,M
Deliric,M
Nadin Amizah,F
Gabb MC,M
Bellakath,F
David Broza,M
Niro,M
Marília Mendonça,F
Luis Mexia,M
Gutterommet,U
Alan Gomez,M
Abd El Basset Hamouda,M
Hawk,M
Burna Boy,M
Yasin,M
ELENA ROSE,F
Le Winter,M
Andry The Hitmaker,M
政学Zed-X,M
Skales,M
gameboy tetris,M
Ivandro,M
Priya Mali,F
卢卢快闭嘴,F
Soley,F
Roc Boyz,M
YOVNGCHIMI,M
Guelo Star,M
Felipe Amorim,M
Kuun Đức Nam,M
Ioulia Kallimani,F
ICEGUYS,M
Tumi Sdomane,M
Hooja,M
Dedublüman,M
Morphom,M
Billy Gillies,M
Infected Mushroom,M
NCT 127,M
THRILL PILL,M
Tata Vlad,M
Deep Sen,M
Olamide,M
AUR,M
FEDUK,M
Aditya A,M
BITTNER,M
Calein,M
Kunaal Vermaa,M
Reynmen,M
Paulo Pires,M
zeyne,F
Dearson,M
Justinas Jarutis,M
Eden Muñoz,M
Tatsuya Kitani,F
Zerrydl,M
Golfklubb,M
Mambo Kingz,M
Jairo Vera,M
Nateman,M
Sigma,M
Rony Ajnali,M
Guy Mentesh,M
Puya,M
No One Else,M
Tiësto,M
Anuel AA,M
Lbenj,M
Cyrko,F
SNIK,M
Brenden Praise,M
Karan Aujla,M
Aan Story,M
Adrina,F
Lord Huron,M
Kali,F
FMMB,U
Oge,M
Klavdia Petrivna,F
Simone Mendes,F
Linh Thộn,F
Heronwater,M
Diljit Dosanjh,M
Benaia Barabi,M
Quang Anh Rhyder,M
Mc Mika,F
ヨルシカ,U
Karim Cristiano,M
Tream,M
JANAGA,M
L.A.B.,M
SEVENTEEN,M
Bello Figo,M
Glenn Jones,M
Osher Cohen,M
Eva Timush,F
Shroof,M
ibe,M
Love Funk,U
Echo,F
Nagalli,M
Jazeek,M
juan karlos,M
Jador,M
KOLA,F
GENA DESOUZA,F
2pillz,M
Taiu,M
VZS,M
Tino Martin,M
Matheus Fernandes,M
Tzanca Uraganu,M
Killorbeezbeatz,M
Awdella,F
LilPu$$y,U
SZA,F
Turisti,M
Humlan Djojj,U
Don Pero,M
Mente Fuerte,M
1986zig,M
Kumaar,M
YP,U
Semicenk,M
Emma,F
Harry Styles,M
Borqy,M
Chasing Abbey,M
George Talent,M
Kukon,M
Muni Long,F
Lele,U
Capital Bra,M
Hugo & Guilherme,M
Imen Es,F
Molly Sandén,F
raissa anggiani,F
Mahmoud El Leithy,M
Hamdy Batshan,M
Baby S.O.N,M
Tito Double P,M
Bubbi Morthens,M
ZWE1HVNDXR,U
Hev Abi,M
Vadak,M
Teddy Swims,M
Sims Noreng,M
Soge Culebra,M
Ado,F
Ballinciaga,M
RIIZE,M
Rich The Kid,M
Aymos,M
VINAI,M
Billie Eilish,F
Sachin-Jigar,M
Drillionaire,M
Noyz Narcos,M
Tego Calderón,M
Three Man Down,M
Lucky Brown,M
Avvy Sra,M
Burak Bulut,M
Fave,F
Wham!,M
Ellice,F
Esteban Rojas,M
Asees Kaur,F
charlie moncler,M
ÉaBest,M
girl in red,F
Gustav,M
Zara Larsson,F
PLK,M
Octavian,M
Ronnie Flex,M
Marstein,M
Amaru,M
Galin,M
CK YG,M
Low G,M
Canbay & Wolker,M
RPT Orijinn,M
Fast & Furious: The Fast Saga,G
iñigo quintero,M
Mc IG,M
Maan,F
蕭秉治,M
VALMAR,M
Rebel Babel Film Orchestra,G
Gzuz,M
Zack Tabudlo,M
GBoss,M
xxxmanera,M
Arthur Miguel,M
Bryant Myers,M
KZA Produções,U
SERA,F
Tokischa,F
Proflame,M
Fantasia,F
Дора,F
Prabh Singh,M
Adnan Dhool,M
Dawid Podsiadło,M
ปรีชา ปัดภัย,M
Paul Russell,M
LUDMILLA,F
Sizwe Nineteen,M
Israel & Rodolffo,M
villemdrillem,M
The Kolors,M
Randi Oline,F
Slow J,M
Ak4:20,M
Kain,M
UNDERGRUNN,M
Lily-Rose Depp,F
AKMU,G
Ivayla,F
Blessd,M
Trinix,M
Matheus & Kauan,M
Douwe Bob,M
Dana Salah,F
Metejoor,M
Christos Mastoras,M
Brodka,F
Megadrumz,M
Alişan,M
Romy,F
Carin Leon,M
Cezinando,M
Kwiat Jabłoni,G
(G)I-DLE,F
Avraham Tal,M
DJ Oku Luukkainen,M
Greg Kurstin,M
Lady Du,F
El Jordan 23,M
Sabrina Carpenter,F
Selena Gomez,F
Katteyes,F
Jovani,M
Ortiz,M
Magasinet,M
Luca Brassi10x,M
Jasmin Moallem,F
Alisia,F
boipepperoni,M
MC Bruno MS,M
Tamer Ashour,M
ZANA,F
Paris Kalpos,M
Kurtuluş Kuş,M
Luke Combs,M
MBT,F
schafter,M
Luck Ra,M
Adan La Amenaza,M
Rels B,M
Capo Plaza,M
POSITIFF,M
nublu,M
KeBlack,M
DJ MøMø,U
KAROL G,F
FREEHAND,M
John Scott Trotter & His Orchestra,G
O.lew,F
Jthekidd,M
Steve Lacy,M
Madihu,M
Best,M
Djaga Djaga,M
Keynote,U
Wegz,M
Skryptonite,M
Sia,F
Robin Packalen,M
MC Ryan SP,M
sanah,F
Hannah Laing,F
Karališka Erdvė,F
Ozan Doğulu,M
Pablo Paz,M
Sam Smith,M
Qing Madi,F
Wael Jassar,M
Alex Botea,M
Катя Самбука,F
Molec,M
Yan Block,M
Jungeli,M
TV Girl,M
Bacilos,M
Doğu Swag,M
ŠKWOR,M
Sexyy Red,F
Frank Ocean,M
One-T,M
Eddy Herrera,M
Tiago PZK,M
IRAIDA,F
MC GH do 7,M
Enny-Mae,F
Sidhu Moose Wala,M
Babblarna,G
Kabza De Small,M
Ghea Indrawari,F
Ñejo,M
Mc Menor Do Alvorada,M
Nutu,M
BESS,F
Majki,M
Ice Spice,F
DELLAFUENTE,M
Triz,M
Omar Rammal,M
Mahalini,F
BeTaf Beats,M
音田 雅則,M
Night Grind,M
Plutonio,M
Doja Cat,F
Tobias Rahim,M
50 Cent,M
Toledo,M
Nik Tendo,M
Bárbara Bandeira,F
Werenoi,M
DJ Tao,M
Strat,U
koira,M
Kayen,M
Dzsúdló,M
Emanero,M
Manu,M
Tyrondee,M
Ozuna,M
BROKN,U
Veronica Maggio,F
Kaizers Orchestra,M
Derya Bedavacı,F
Grupo Firme,M
tuki.,M
Al Nather,M
jambo,M
KUUMAA,M
Tessa,F
Bonez MC,M
Robin Zoot,M
White Widow,M
Tebza De DJ,M
Alduts Sherdley,F
Mrs. GREEN APPLE,G
Dj Brunin XM,M
Mas Musiq,M
Jerry Di,M
Dear Jane,M
Mons,M
Mc Luki,M
wave to earth,M
Kappa Jotta,M
Izleifur,M
Emil TRF,M
Cris Mj,M
Luigi,M
Sonny Fodera,M
Gittobeatz,M
Sergio Alejandro,M
SDP,M
Drum7,M
Only Monday,M
Voskresenskii,M
Hundred Sins,M
Bebe Rexha,F
Maverick Muji,M
Joaquin Medina,M
Gazo,M
Azis,M
Supernova Ent,M
Houssainy,M
Hannah Boleyn,F
Joel Corry,M
Silvestre Dangond,M
Hafdís Huld,F
Lil Peep,M
Sedef Sebüktekin,F
E.J,M
erobé,M
Philly,M
KESI,M
Shania Twain,F
Aezaddy,M
Holy Molly,F
Tunvao,M
Amaarae,F
Adele,F
LeoZera,M
MHD,M
The Neighbourhood,M
Post Malone,M
uglystephan,M
Muslim - مُسلِم,M
Kali Uchis,F
Luis R Conriquez,M
Raste,M
The Cranberries,G
Chino Pacas,M
Gheboasă,M
La T y La M,M
Azet,M
Van Zee,M
Michael Touratzidis,M
A-Lin,F
Teys,M
Donia Wael,F
Jay Trak,M
Yandar & Yostin,M
Fujii Kaze,M
Bloody Civilian,F
Emilia,F
Oscar,M
Giovanni,M
Emir Can İğrek,M
Sfera Ebbasta,M
Tate McRae,F
Sayian Jimmy,M
Eminem,M
Tom Odell,M
Sin Laurent,M
Shiva,M
Smolasty,M
Yıldız Tilbe,F
AP Dhillon,M
DZWS,M
DJ Maphorisa,M
Macklemore & Ryan Lewis,M
Nath,F
Amr Diab,M
NATTAN,M
Ant Wan,M
Justin Bieber,M
詹雯婷,F
Jaz,M
Hozier,M
Antybanty,M
Tropa do Bruxo,M
Chief Keef,M
Hitsujibungaku,F
Arthur Nery,M
WERSOW,F
Yaisel LM,M
Moeman,M
itsnk,M
Vulgo FK,M
KATNUF,M
JISOO,F
Yo Yo Honey Singh,M
Rokas Yan,M
Aleyna Tilki,F
Canozan,M
Fuerza Regida,M
ROPEX LATERIO,M
Andra & The Backbone,M
Tz da Coronel,M
Joe L,M
SIDARTA,M
Wolfine,M
Taimour Baig,M
B Ray,M
Pitariu George,M
Burcu Güneş,F
Young Stunna,M
Enrique Iglesias,M
Muhab,M
Creedence Clearwater Revival,M
mdmx,M
$ourJ,M
LA NUEVA ESCUELA,M
Cheba Warda,F
andrei,M
FIFTY FIFTY,F
La K'onga,M
Lossa,M
SPITZ,M
Phill,M
D3W,M
Uncle Waffles,F
twocolors,M
Emrah,M
Peipper,M
Mpumi Mtsweni,F
Luísa Sonza,F
El Mahrgan,M
911,M
Alec Roman,M
Ray Dalton,M
Darshan Raval,M
slimedemidemislime,U
Lola Amour,M
DJ Stokie,M
VovaZiLvova,M
Gustavo Mioto,M
Hver gang vi møtes,G
Rovalio,M
Selin,F
Baron,M
Humbe,M
Young Leosia,F
PURPEECH,M
Los Ángeles Azules,G
Dani Mocanu,M
Avi Aburomi,M
Jung Kook,M
Joost,M
BeMelo,M
RAYE,F
Ceeka RSA,M
Dave,M
Coldplay,M
Vance Joy,M
FACE,M
Shallipopi,M
Mabel Matiz,M
Amy Macdonald,F
Kenya Grace,F
Ben Cristovao,M
Abou Debeing,M
MC SQUARE,M
The Chainsmokers,M
Mata,M
Toni Storaro,M
Nawal,F
a-ha,M
Kendji Girac,M
Fish Leong,F
Obongjayar,M
Julinho Ksd,M
Jey F,M
Caroline Dubois,F
Hätä-Miikka,M
Josman,M
De Mthuda,M
Saiko,M
Central Cee,M
Mateos Nps,M
ZAF,M
Evgenya Redko,F
Chillies,M
Mounim Slimani,M
UZI,M
Devano,M
OFFICIAL HIGE DANDISM,M
Lwah Ndlunkulu,F
Coez,M
Bo9al,M
Saad Lamjarred,M
A5rass - الاخرس,M
Jessica Shy,F
DJ Kent,M
Master KG,M
BRÍET,F
Copy Con,M
Gasellit,M
Nathan Dawe,M
Up Dharma Down,G
Michelle Maciel,F
Spekti,M
Xolani Guitar,M
King Gnu,M
KONY,M
Plan B,M
Amitabha Bhattacharya,M
Cledos,M
Yll Limani,M
Shadab Faridi,M
Pailita,M
Matuê,M
Mellow & Sleazy,M
Lewis Capaldi,M
DJ Matt D,M
Haze,F
Yng Lvcas,M
Daniil,M
Bad Bunny,M
Mergui,M
Simge,F
Sachet Tandon,M
Ida Laurberg,F
SIRA,F
NESS,M
Mc Gw,M
Miley Cyrus,F
FiNCH,M
Mihályfi Luca,F
Oviña,M
Bárbara Tinoco,F
Ruth B.,F
Fukaj,M
10-FEET,M
Iustin,M
Jasiel Nuñez,M
Lazza,M
Bogdan DLP,M
Bayriton,M
Valentino GRM,M
Derya Uluğ,F
Bolaget,M
Marwan Pablo,M
Arcángel,M
Aliyah's Interlude,F
TINI,F
Joseph Kamel,M
natori,M
Baby Gang,M
Mor,F
Takagi & Ketra,M
Jimmy Maradona,M
RICTA,M
Filip Leon,M
Locko,M
MC PH,M
Parmish Verma,M
YNY Sebi,M
Maluma,M
Oscar Maydon,M
Bou,M
Beyond,M
Hiten,M
Grasa,M
Friðrik Dór,M
Scally Milano,M
Balti,M
JC Reyes,M
יגל אושרי,M
Rauw Alejandro,M
Tyler ICU,M
RACK,M
Donaty,M
Khalid,M
Suzan & Freek,G
Tyson Yoshi,M
thiarajxtt,M
Los Dareyes De La Sierra,M
Dilaw,G
Sofian Medjmedj,M
Feid,M
Annet X,F
Khalil Harrison,M
Mapei,F
Kotenceto,F
Darkhan Juzz,M
Maes,M
Grupo Frontera,M
Ryan Lewis,M
Mrozu,M
MC Maneirinho,M
Gabito Ballesteros,M
Gerardo Coronel,M
YSY A,M
DJ Latimmy,M
Eviatar Banai,M
Odeya,F
Mohammed Saeed,M
Marcianeke,M
Lil Binni,M
Tulus,M
4ourYou,M
TEN,M
mor ve ötesi,M
Ayoub Anbaoui,M
Lijpe,M
Mart Hoogkamer,M
Russ Millions,M
Ken Darby Singers,M
Delara,F
Hassa1,M
Sam Deep,M
Minh Huy,M
Gill Machhrai,M
Yung Snapp,M
XXXTENTACION,M
Preslava,F
Sobzeen,M
Matej Straka,M
Calvin Harris,M
Käärijä,M
Bobo,M
Kacey Musgraves,F
Tony Effe,M
Omer Adam,M
Taco Hemingway,M
NONT TANONT,M
Darin,M
BE:FIRST,M
Hanna Ferm,F
Anys,M
陳華,F
Arijit Singh,M
Medi,M
Aron Can,M
Rashmeet Kaur,F
Sluwe Ollie,M
Raffey Anwar,M
Guzowianki,F
Satra B.E.N.Z.,M
Calema,M
Misk,M
Wren Evans,M
Amir Eid,M
VillaBanks,M
Sima,F
L.U.C.,M
Chris Brown,M
Travis Scott,M
Karim B,M
NOBITA,M
YEW,M
danicpeepner,M
Sosa La M,M
David Guetta,M
Dewa 19,M
Kenshi Yonezu,M
DJ Aligator,M
P T K,M
Hasan,M
Mad Clip,M
Elsya,F
Zeamsone,M
TAEYANG,M
Luan Pereira,M
Marka Akme,M
Realest Cram,M
AVA,F
40k,M
Marco Schuitmaker,M
JEYSON,M
Josefine Götestam,F
Gibbs,M
BLOK3,M
DJ THG,M
Idgitaf,F
IDK,M
Mgk666,M
TalkinToys,M
GIMS,M
小阿七,F
Calin,M
LE SSERAFIM,F
Donne Maula,M
Boro,M
Luca-Dante Spadafora,M
Eden Hason,M
Medy,M
Dulquer Salmaan,M
Anyuri,F
Olivia Rodrigo,F
Essam Sasa,M
D1MA,M
Dj Jaivane,M
alyona alyona,F
Prashant Ingole,M
shy taupe,M
Ahmed Saad,M
Claude,M
Macklemore,M
nkeeei,M
Marshmello,M
Ranveer Singh,M
@atutowy,M
Bosy,F
Fivio Foreign,M
Rahul Mishra,M
Stormy,M
The La Planta,M
Milano,M
Starboy X,M
Yeat,M
Slings,M
DENIS TEOFIKOV,M
YAM,M
LANDOKMAI,F
Tyla,F
Ski Aggu,M
Phương Ly,F
Shi Shi,F
Stig Brenner,M
Immune,M
Finesse,M
Niky Savage,M
Seyi Vibez,M
Fabio Asher,M
TrapLaudo,M
Rast,M
Viktor Sheen,M
Pommelien Thijs,F
Tabitha,F
Pogány Induló,M
Amitabh Bhattacharya,M
Keung To,M
Madan Mohan,M
Halodayı,M
SadSvit,F
Remis Retro,M
Ion Miles,M
Yahritza Y Su Esencia,M
Kevin,M
Marnik,M
Ice Beats Slide,M
Naledi,M
ARTEM SHILOVETS,M
Locura Mix,M
Inbal Bibi,F
C.Gambino,M
Dizzy,F
Alan Dazmel,M
Ronghao Li,M
Ezhel,M
MC GP,M
Old Jim,M
Pop Pongkool,M
Chris de Sarandy,M
5MIINUST,M
Cup of Joe,M
Aditya Rikhari,M
Bengü,F
Parfeniuk,M
Bwayne,M
Loreen,F
Galena,F
Dj GBR,M
Tăng Duy Tân,M
Richy Mitch & The Coal Miners,M
Sizwe Alakine,M
Ektor,M
Crayon,M
Chencho Corleone,M
Ulf Leo Sommer,M
Rokas,M
d4vd,M
Skive,M
AYLIVA,F
IRAH,U
"Tyler, The Creator",M
Fadhilah Intan,F
Kris Kross Amsterdam,G
Young Fly,M
Nonny,M
Purple Disco Machine,M
QuayR Musiq,M
Tugan,M
Costi,M
Nineb Youk,M
Asme,M
EXPOSURE,F
B.Baby,M
PG$,M
Ke Personajes,M
Жугунусов Мирас,M
Bayaan,M
Dizzy DROS,M
Binz,M
Big One,M
Guzior,M
Focalistic,M
ANNA ASTI,F
Eddie Block,M
Liaze,M
La Joaqui,F
Singapūras Satīns,M
Ofenbach,M
bvdy47,M
Dani Gambino,M
SjavasDaDeejay,M
BEHM,F
Saske,M
Geolier,M
Peggy Gou,F
Peter Plate,M
Rhove,M
СТРУКТУРА ЩАСТЯ,F
告五人,G
Dani Flow,M
rhodessa,F
Hins Cheung,M
Joker Bra,M
Harry Cane,M
HYBS,M
Karna.val,F
OneRepublic,M
Steindi Jr.,M
INTERWORLD,F
Uzielito Mix,M
Zoë Tauran,F
takenoelz,M
BLACKPINK,F
ابو سراج,M
Ch'cco,M
Bahadır Tatlıöz,M
Anggi Marito,F
IIVEN,M
Future,M
bibbebaby,F
Ilian Boyd,M
Mekdes,F
Kizz Daniel,M
Milo j,M
X ORFEAS,M
LeeMcKrazy,M
Heijan,M
JANNA,F
Onda Sabanera,M
Segertåget,M
Lord Panamo,M
Mari Fernandez,F
Mads Langer,M
Iwan Fals,M
Dirty Harry,U
MY FIRST STORY,M
AMAQHAWE,M
KA,M
Anatomy Rabbit,M
Nomovodka,M
Wale,M
Tsvetelina Yaneva,F
Miguel,M
Facefront,U
Artie 5ive,M
Beathoven,M
マルシィ,M
Nidji,M
Rvfv,M
sarah salola,F
Sultaan,M
Varun Jain,M
Bresh,M
Mirrr,M
Sara Kurt,F
Saveus,M
Ggreco,M
Mateo on the Beatz,M
MC K.K,M
LilNeya,U
Lyfrix,M
Merk & Kremont,M
Jere Klein,M
Rose Villain,F
Tory Lanez,M
Fred again..,M
Fafá de Belém,F
Bokke8,M
Thakzin,M
Afroto,M
Saif safadi,M
DJ PIMI,U
Tainy,M
Morad,M
Jey One,M
xxanteria,U
Djordan,M
Ellinoora,F
Mawell,M
Shabjdeed,M
Panter Bélico,M
Molella,M
Roi 6/12,M
FMK,M
Benny Jamz,M
NEWLIGHTCHILD,M
Hanan Ben Ari,M
Nadhif Basalamah,M
23,M
Squirrel Flower,F
Ayanda Ntanzi,M
Darkiel,M
Beéle,M
Pritam,M
Michelangelo,M
Xcho,M
CoolKid,M
STEIN27,M
Calcutta ,M
MaWhoo,F
Henrique & Juliano,M
Karik,M
Daniel Caesar,M
Kidd Voodoo,M
Sherine,F
feat. ออม TELExTELEXs,M
Gilli,M
Kronkel Dom,M
Heuss L'enfoiré,M
Los Rogelios,M
Corrella,M
Static,M
Myke Towers,M
NIKI,F
Alok,M
Cruel Santino,M
Ravisval,M
Furytto,M
E-Z,M
Mariah Carey,F
Osos,M
Jonita Gandhi,F
Nicole Cherry,F
Ramy Sabry,M
Omar Montes,M
Kibariye,F
Dimoff,M
Tiara Andini,F
Mixer,U
Після Дощу,M
reezy,M
Thắng,M
Niklas Dee,M
BEN,F
Ana Castela,F
VC Barre,M
King Serenity,M
ElGrandeToto,M
Belanova,G
Trap19 Connection,M
Doli & Penn,M
Jerry Lee,M
Son Mieux,M
Zé Neto & Cristiano,M
Hades66,M
Nysix Music,M
颜人中,M
Çağan Şengül,M
LSP,M
Ella Henderson,F
Sebastian Yatra,M
Gobs,M
WIU,M
De’vine 07,U
B Praak,M
Bletka,F
Playboi Carti,M
Rohony,M
Tyr,M
Manele VTM,M
Vito Bambino,M
Romeo Santos,M
Kamo Mphela,F
Monk,M
Separ,M
Assala Nasri,F
GJan,F
Parkmalody,M
M.G.L.,M
AgroPlay,U
Lana Del Rey,F
Empire of the Sun,M
Daft Punk,M
Gusty dj,M
Kungs,M
V:RGO,M
Bakr,M
Cocktail,M
Ministerul Manelelor,M
Einár,M
Migrantes,M
Ulises Bueno,M
J. Cole,M
Rema,M
陳卓賢 Ian,M
Nkosazana Daughter,F
Coucheron,M
Albin Lee Meldau,M
Kanye West,M
ANUBII$,M
Mithoon,M
A-Europa,U
Mc Danone,M
Peer Tasi,M
JustaTee,M
Bonapart,M
Clementine Douglas,F
Gusttavo Lima,M
Taylor Swift,F
SOBOL',M
M Lisa,F
Mc Dena,M
NLE Choppa,M
Ahmed Kamel,M
Percy,M
Emanuela,F
Eemoh,M
Pedro Lotto,M
Ernia,M
SativaMusic,F
Philharmonic,G
Josylvio,M
Niclov,M
Męskie Granie Orkiestra 2023,M
The Game,M
Doda,F
NewJeans,F
Manuel Turizo,M
Korol i Shut,M
Alfa,M
Shakira,F
Xavi,M
4 226,M
Kany García,F
Brray,M
Rawayana,M
Rochy RD,M
RAF Camora,M
DIDIxDADA,F
SDM,M
Bombermusik,U
Aerozen,M
SARRB,M
Newery,M
Kleks,U
Creeds,M
Smallx,M
Baghdad,M
King,M
Anıl Emre Daldal,M
Nomfundo Moh,F
Ryan Castro,M
Skandisoul,M
Ana Mena,F
Mitski,F
Mirella,F
Bizarrap,M
MC 張天賦,M
Emma Steinbakken,F
RAVA,M
LATIN MAFIA,M
Jasleen Royal,F
Shubh,M
Blaqbonez,M
Guilherme & Benuto,M
Mohamed Hamaki,M
TIF,M
Bvga Beatz,M
WeiBird,M
Wessam Qutob,M
Oki,M
KXXMA,M
Luar La L,M
Damas Gratis,M
King Savagge,M
Javed-Mohsin,M
Andia,F
Destiny,F
Melike Şahin,F
SHUMEI,M
Yeri Mua,F
Shiki,F
Skoul,M
Junior,M
Batas Senja,G
Peg Parnevik,F
Soushi Sakiyama,M
Nicki Nicole,F
Cheztom,M
Trigga,M
SPLYXER,U
Phontana,M
Duki,M
Chris Abolade,M
Saran,M
Cairokee,M
Jimin,M
Lil Koni,M
equal,U
Hamza Namira,M
Reket,M
MC Rogerinho,M
Super Subu,M
Groove Dealers,M
The Weeknd,M
Gleb,M
Dj Ramon Sucesso,M
Mc Livinho,M
Otto Waalkes,M
Dessita,F
01099,M
Denny,M
Vishal Mishra,M
Tanishk Bagchi,M
AUT of ORDA,M
Arctic Monkeys,M
Guè,M
gins&melodies,M
Grupo Menos É Mais,M
Lartiste,M
Orange & Lemons,M
S3BZS,M
Soolking,M
Marracash,M
RK,M
Sykes,M
WEAN,M
Fezeka Dlamini,F
Aisyah Aziz,F
NEXUS,U
Ukendt Kunstner,M
4s Street,M
LH,M
Takura,M
Zaba,M
Torino,M
Calle 24,M
Karl Killing,M
Naeleck,M
Victony,M
Davido,M
Sbuda Maleather,M
B.O.C,M
OBOY,M
Tananai,M
Maria Becerra,F
3enba,M
SOG,M
shadowraze,M
Khaid,M
El Baby R,M
Gülden Mutlu,F
Obito,M
Bassie,F
J Balvin,M
Freeze corleone,M
Talha Anjum,M
KingTalkzin,M
Kjartan Lauritzen,M
Dillaz,M
ZLATA OGNEVICH,F
Jay Chou,M
Dafencii,M
JIN,M
Andrei G,M
Alonzo,M
Safri Duo,M
DJ Arana,M
Costel Biju,M
Frah Quintale,M
Abel Pintos,M
Lojay,M
Marina Maximilian,F
WIKTOR,M
Trettmann,M
BM,M
Csoky,M
KRBK,M
Daliwonga,M
DJ Tshegu,F
Bill Withers,M
Código FN,M
Parampara Tandon,F
Lamin,M
Zee_nhle,U
Diego & Victor Hugo,M
Shreya Ghoshal,F
Hassan El Shafei,M
RPT MCK,M
Duke,M
El Gudi,M
LMEN PRALA,M
Oscar Blesson,M
SIMONA,F
Tman Xpress,M
Ramoon,M
Iuly Neamtu,M
DobleP,M
Alessio,M
Flowdan,M
Doble ONE Flow Letal,M
Young Jonn,M
Bruno X Spacc,M
ליעד מאיר,M
Fuad Gritli,M
Matthew Schultz,M
Pinguini Tattici Nucleari,M
NAZAKEBLACK,M
Paolo Nutini,M
Yuuri,M
Yzomandias,M
HIEUTHUHAI,M
Boef,M
Bella Shmurda,M
Ellen Krauss,F
Mthandeni SK,M
Fabri Fibra,M
KKevin,M
David Kushner,M
MK,M
SANTA,U
Tuna,M
Merro8,M
Audy,F
FRIZ,M
Element,M
Macaroni Empitsu,M
267,U
Rihanna,F
Gringo Bamba,M
Grupo Marca Registrada,M
Bibi Babydoll,F
Al James,M
De Lacure,M
DJ Glenner,M
Maha Ftouni,F
Unleaded,U
ISSI,F
MC Torugo,M
Toxi$,M
Nandipha808,M
Julian Perretta,M
Mc Kadu,M
Aristos Constantinou,M
LISA,F
DJ Ws da Igrejinha,M
"Oscar Mbo, KG Smallz, Mörda, Thakzin, & Mhaw Keys",G
bamm,M
Ebru Yaşar,F
Zokush,M
Mc Davi,M
Light,F
Sky Rompiendo,M
Volodymyr Dantes,M
Marso,M
Alfredo Olivas,M
SEKAI NO OWARI,G
Hernan y La Champion's Liga,M
Kaifi Khalil,M
Sir Mich,M
Jo Lids,M
Seventeen,M
Shiro,U
Artigeardit,M
Pashanim,M
KOJO,M
Nombeko Auguste,F
Slowboy,M
Jeriq,M
Randar,U
Azahriah,M
Snoop Dogg,M
ADAAM,M
MC Kevin o Chris,M
Fepache,M
Pyrythekid,M
Becky Hill,F
Udo Lindenberg,M
V,M
Trannos,M
Mc Karol,F
V $ X V PRiNCE,M
Drake,M
Draganov,M
Robin Rouse,M
Asake,M
Hotel Ugly,M
ReTo,M
Azer Bülbül,M
El Bogueto,M
Umair,M
Jaani,M
Muộii (Starry Night),G
Altamash Faridi,M
Farid,M
Omega,M
Ekhoe,M
Bhavi,M
Nikhita Gandhi,F
ThxSoMch,M
Wang,M
Ulukmanapo,M
Sefo,M
Fireboy DML,M
KÖFN,M
Caza,M
DOROFEEVA,F
Owen,M
Yoana Sashova,F
高爾宣 OSN,M
dhruv,M
New West,M
andreas odbjerg,M
DJ Cron,M
Isac Elliot,M
Lyente,M
Tomi,F
Grupo 5,M
Baloosh,M
Tiakola,M
Eslabon Armado,M
Gino Mella,M
Chivas,M
R-Bee,M
Mthunzi,M
Joalin,F
GDucky,M
Quest Pistols,M
badchieff,M
Irina Kairatovna,M
Jami Faltin,M
DJ Luian,M
Maki,M
b.G,M
Vũ Phụng Tiên,F
Darell,M
Stefan Costea,M
Speed Radio,U
DENNIS,M
Brytiago,M
Snor,M
Buray,M
Moha K,M
Mert Demir,M
Pil C,M
DNSQ,U
理想混蛋,M
Tems,F
Morgan Wallen,M
SMU,G
Naza,M
D.A.M.A,M
Raim Laode,M
JVKE,M
Zachi,M
Dollar Prync,M
KIDD,M
GARABATTO,M
Ivan Greko,M
Dlala Thukzin,M
Gettomasa,M
Nuno Ribeiro,M
LilBing,M
fellow fellow,M
Jay Rock,M
承桓,M
James Arthur,M
Aarne,M
TitoM,M
LILA,F
Ege Zulu,M
Emcee L (Da LAB),M
Kreizy k,M
Mohbad,M
BENNETT,U
Ikky,M
INJI,F
The Paul,M
BARBEL,M
ANNA,F
Juliette,F
Violetta Sokolova,F
Aditya Gadhvi,M
Umthakathi Kush,M
Issam Alnajjar,M
Trobi,M
Last Child,M
FRIENDLY THUG 52 NGG,M
Anastasia,F
DESH,F
T-Man SA,M
Bausa,M
MUN,M
Mora,M
Hard Rico,M
Bing Crosby,M
Bee,F
W/N,M
21 Savage,M
Hindia,M
Alyoung,M
IVOXYGEN,M
Janine Berdin,F
Luciano,M
Kidd,M
VSTRA,F
YAKTAK,M
Dwele,M
Ghaliaa,F
Masdo,M
El Papi,M
Bad Gyal,F
Birnir,M
Angelina Mango,F
SwKeith,M
Blacha 2115,M
Tega Boi Dc,M
Alka Yagnik,F
Mohamed Ramadan,M
DFZM,M
Dua Lipa,F
Lost Frequencies,M
Zach Bryan,M
Fran C,M
Hov1,M
Tony Dize,M
Alejo Isakk,M
Shiza,M
ששון איפרם שאולוב,M
Eros Tongco,M
Chiko Alfa,M
Laddi,M
Alex Favela,M
Pashata,M
Jozzy,M
Mohamed Mounir,M
IVE,F
kouz1,M
Noano,F
Fiersa Besari,M
Shinda Kahlon,M
Adie,M
Nes,G
elijah woods,M
MC Tigrão,M
Tani Yuuki,M
Daria Zawiałow,F
Mikelodic,M
Olavi Uusivirta,M
RoRo,M
Max Korzh,M
Inkonnu,M
Da Muziqal Chef,M
Dolu Kadehi Ters Tut,M
Alex Bittman,M
Ali Rabee,M
Lim Young Woong,M
Wellboy,M
Mesita,M
Bloody Hawk,M
Aqua,G
Anson Lo 盧瀚霆,M
SunKissed Lola,G
Jubin Nautiyal,M
Victoria Nadine,F
Los Romeros,M
LUJA,M
Żabson,M
Piso 21,M
A.L.A,M
Wesley Safadão,M
Hannah Mae,F
Peso Pluma,M
Krúbi,M
Sonny Wern,M
LilElli$,U
Don Bigg,M
Da LAB,M
Lauty Gram,M
Achint,M
Kira7,M
Asal Kolaar,M
Motive,M
Babyboy AV,M
JENNIE,F
back number,M
HAVAL,M
Kamelia,F
LIL KRYSTALLL,M
Jazzy,F
BAHsick,M
Flora Matos,F
Virgoun,M
Dhanju,M
Nicki Minaj,F
Salmo,M
Musketeers,M
Racoon,M
Mohit Chauhan,M
Conor Maynard,M
Julianno Sosa,M
Thomas Stenström,M
Drumonade,U
DYSTINCT,M
VJ,M
Kadu Martins,M
D-Block Europe,M
Sugarcane,M
Kudos,M
Bir,M
KAVA,M
BTS,M
Quevedo,M
Fleetwood Mac,G
Callejero Fino,M
FYRE,M
Dei V,M
Axel Kala,M
Talwiinder,M
Apache 207,M
BUSHIDO ZHO,M
Кот Балу,M
DJ Snake,M
Mc Don Juan,M
Prod Malax,M
Preston Pablo,M
Moya Mishel,F
Beton.Hofi,M
Rajieen,U
Shilpa Rao,F
Maiara & Maraisa,F
Bnxn,M
Wet Bed Gang,M
Veigh,M
Zecca,M
Pirlo,M
URO,M
Hasan Raheem,M
Ronboogz,M
MEYOU,M
Janine,F
GREY D,M
BSW,M
SMILE BEATS,M
Madman Stan,M
Gunna,M
Damso,M
Reboll333,M
Favst,M
LilRizze,U
Vianney,M
Andy Rivera,M
BHZ,M
Ariana Grande,F
Branco,M
Mae Stephens,F
Aziz Hedra,M
Michael Bublé,M
Major Lazer,M
BIA,F
Trung Trần,M
YOASOBI,G
Alex Velea,M
Ati242,M
Кишлак,M
Hansel El De La H,M
Dj Hm Oliveira,M
Hassan El Kholaey,M
Porsche Boy,M
Malito Malozo,M
LON3R JOHNY,M
Quinten Circle,M
PRO8L3M,M
Sharmoofers,M
Eladio Carrion,M
Arsy Widianto,M
Hiro,M
Kendrick Lamar,M
AlbertNbn,M
Kiko Rivera,M
Don Toliver,M
25,U
Madonna,F
Adash,M
Sevak,M
First Anuwat,M
Tedua,M
Reda El Bahrawy,M
Adriano Rhod,M
Jed Baruelo,M
QLER,M
Bataineh,M
Saixse,M
Dina El Wedidi,F
VLOSPA,M
céro,M
Suara Kayu,G
Favé,F
Bvcovia,M
LIT killah,M
NORDO,M
Big Baby Tape,M
Purplape,M
Sportsalleen,M
Yüzyüzeyken Konuşuruz,M
Rusherking,M
Ian,M
The Killers,M
NDX A.K.A.,M
Kid Yugi,M
Vescan,M
Cean Jr.,M
Kodak Black,M
Saucy Dog,G
Jonna Fraser,M
Bossikan,M
The Kid LAROI,M
Mo-T,M
Joel De La P,M
Peled,M
Makar,M
Anne-Marie,F
MC Rhamon,M
Junior H,M
Abdul Hannan,M
Kizo,M
Kalwi & Remi,M
Manele Mentolate,M
Jul,M
uniqe,U
TopGunn,M
DJ Nomza The King,M
ODUMODUBLVCK,M
Luan Santana,M
Young Miko,F
Frida Brygmann,F
Sadraddin,M
Eyal Golan,M
Rajat Nagpal,M
Ayra Starr,F
Lola Indigo,F
The Beatles,M
Thalapathy Vijay,M
Pedro Calderon,M
tlinh,F
yatashigang,U
Goldband,M
Yanix,M
Ruby,F
Paradox,M
Три дня дождя,M
HELLMERRY,M
Paolo Pimp,M
две тысячи ярдов,M
Omar,M
K-Chante,F
Zerrin Özer,F
Lauri Haav,M
Fullife,U
MONA,F
Gala,F
Majid Almohandis,M
Mc Daniel,M
Muslim,M
Pushkin RSA,M
Anirudh Ravichander,M
rares,M
Ravid Plotnik,M
HUGO,M
bambi,M
Yandel,M
kizaru,M
Vaundy,M
Marwan Moussa,M
Etta,F
Da Endorphine,F
Metro Boomin,M
SUICIDAL-IDOL,U
4Money,M
Paul,M
Omit ST,M
Dj Nk Da Serra,M
Memphis Cult,U
ICEKIID,M
Cigarettes After Sex,M
Mom4eto,M
Tumelo_za,M
Pedro Mafama,M
Wroobel,M
Pa Monday-Edo,U
Norma Jean Martine,F
Charusha,F
Bispo,M
DEMI,F
Feby Putri,M
The Goo Goo Dolls,M
Mocci,M
cassö,M
Nastia Rod,F
DJ Oreia,M
Sachet-Parampara,G
"Frank ""El Santo""",M
